SubscriptionGuid,ResourceGroup,ResourceLocation,UsageDateTime,MeterCategory,MeterSubcategory,MeterId,MeterName,MeterRegion,UsageQuantity,ResourceRate,PreTaxCost,ConsumedService,ResourceType,InstanceId,Tags,OfferId,AdditionalInfo,ServiceInfo1,ServiceInfo2,ServiceName,ServiceTier,Currency
f55edc34-b2f6-42f6-b100-9f68e5110bb7,cloud-shell-storage-westeurope,EU West,2019-04-05,Storage,Files,ed8a651a-e0a3-4de6-a8ae-3b4ce8cb72cf,LRS Data Stored,,0.166656,0.050598,0.008432460288,Microsoft.Storage,Microsoft.Storage/storageAccounts,/subscriptions/f55edc34-b2f6-42f6-b100-9f68e5110bb7/resourceGroups/cloud-shell-storage-westeurope/providers/Microsoft.Storage/storageAccounts/csbf55edc34b2f6x42f6xb10,"""ms-resource-usage"": ""azure-cloud-shell""",,,,,Storage,Files,EUR
f55edc34-b2f6-42f6-b100-9f68e5110bb7,Sceno-BackupAzureVM,EU North,2019-04-04,Bandwidth,,9995d93a-7d35-4d3f-9c69-7a7fea447ef4,Data Transfer Out,Zone 1,0.000949,0.0733671,0.0000696253779,Microsoft.Compute,Microsoft.Compute/virtualMachines,/subscriptions/f55edc34-b2f6-42f6-b100-9f68e5110bb7/resourceGroups/Sceno-BackupAzureVM/providers/Microsoft.Compute/virtualMachines/RestoredVM,,,"{  ""ImageType"": null,  ""ServiceType"": null,  ""VMName"": null,  ""VMProperties"": null,  ""VCPUs"": 0,  ""UsageType"": ""DataTrOut""}",,,Bandwidth,Bandwidth - Outbound Data Transfer,EUR
f55edc34-b2f6-42f6-b100-9f68e5110bb7,acdmy-costs,EU West,2019-04-05,Advanced Threat Protection,Storage,3783f977-f109-4a6b-9cf6-2f1432bb770c,Standard Trial Transactions,,0.0024,0,0,Microsoft.Storage,Microsoft.Storage/storageAccounts,/subscriptions/f55edc34-b2f6-42f6-b100-9f68e5110bb7/resourceGroups/acdmy-costs/providers/Microsoft.Storage/storageAccounts/sa4costs0149,,,,,,Advanced Threat Protection,Advanced Threat Protection - Storage,EUR
f55edc34-b2f6-42f6-b100-9f68e5110bb7,defaultresourcegroup-weu,EU West,2019-04-04,Insight and Analytics,,6a11eb4c-01de-4438-88e0-e95b41869197,Data Included per Node,,0.000446009046108,0,0,microsoft.operationalinsights,microsoft.operationalinsights/workspaces,/subscriptions/f55edc34-b2f6-42f6-b100-9f68e5110bb7/resourcegroups/defaultresourcegroup-weu/providers/microsoft.operationalinsights/workspaces/defaultworkspace-f55edc34-b2f6-42f6-b100-9f68e5110bb7-weu,,,,,,Insight and Analytics,OMS - Insight and Security Data,EUR
f55edc34-b2f6-42f6-b100-9f68e5110bb7,SCENO-BACKUPAZUREVM,EU North,2019-04-06,Storage,Standard SSD Managed Disks,ce957933-8287-4f8b-83ee-53a5cbe056d9,Disk Operations,,16.8704,0.0016866,0.02845361664,Microsoft.Compute,Microsoft.Compute/disks,/subscriptions/f55edc34-b2f6-42f6-b100-9f68e5110bb7/resourceGroups/SCENO-BACKUPAZUREVM/providers/Microsoft.Compute/disks/BackupAzureVM-OSDisk,,,,,,Storage,Standard SSD Managed Disks,EUR
f55edc34-b2f6-42f6-b100-9f68e5110bb7,SCENO-BACKUPAZUREVM,EU North,2019-04-06,Virtual Machines,Dv2/DSv2 Series Windows,4031e931-56e8-440a-8c08-a45cef6d4314,D2 v2/DS2 v2,EU North,18,0.111315599999926,2.00368079999866,Microsoft.Compute,Microsoft.Compute/virtualMachines,/subscriptions/f55edc34-b2f6-42f6-b100-9f68e5110bb7/resourceGroups/SCENO-BACKUPAZUREVM/providers/Microsoft.Compute/virtualMachines/BackupAzureVM,,,"{  ""ImageType"": null,  ""ServiceType"": ""Standard_DS2_v2"",  ""VMName"": null,  ""VMProperties"": null,  ""VCPUs"": 2,  ""UsageType"": ""ComputeHR""}",,,Virtual Machines,Dv2/DSv2 Series Windows VM (D1-D5),EUR
f55edc34-b2f6-42f6-b100-9f68e5110bb7,dnsrg,Unknown,2019-04-05,Azure DNS,,8f967c58-b144-4bd7-8882-8bf02767c839,Public Zones,,0.032258064516129,0.42165,0.013601612903226,Microsoft.Network,Microsoft.Network/dnszones,/subscriptions/f55edc34-b2f6-42f6-b100-9f68e5110bb7/resourceGroups/dnsrg/providers/Microsoft.Network/dnszones/contoso.azure,,,,,,Azure DNS,Public DNS,EUR
f55edc34-b2f6-42f6-b100-9f68e5110bb7,Ex2-RG,EU North,2019-04-05,Bandwidth,,32c3ebec-1646-49e3-8127-2cafbd3a04d8,Data Transfer In,Zone 1,0.23599,0,0,Microsoft.Compute,Microsoft.Compute/virtualMachineScaleSets,/subscriptions/f55edc34-b2f6-42f6-b100-9f68e5110bb7/resourceGroups/Ex2-RG/providers/Microsoft.Compute/virtualMachineScaleSets/myVMScaleSet,,,"{  ""ImageType"": null,  ""ServiceType"": null,  ""VMName"": ""myVMScaleSet_1"",  ""VMProperties"": null,  ""VCPUs"": 0,  ""UsageType"": ""DataTrIn""}",,,Bandwidth,Bandwidth - Inbound Data Transfer,EUR
f55edc34-b2f6-42f6-b100-9f68e5110bb7,SCENO-BACKUPAZUREVM,EU North,2019-04-04,Virtual Machines,Dv2/DSv2 Series Windows,4031e931-56e8-440a-8c08-a45cef6d4314,D2 v2/DS2 v2,EU North,23.983353,0.111315599999926,2.66972132920502,Microsoft.Compute,Microsoft.Compute/virtualMachines,/subscriptions/f55edc34-b2f6-42f6-b100-9f68e5110bb7/resourceGroups/SCENO-BACKUPAZUREVM/providers/Microsoft.Compute/virtualMachines/BackupAzureVM,,,"{  ""ImageType"": null,  ""ServiceType"": ""Standard_DS2_v2"",  ""VMName"": null,  ""VMProperties"": null,  ""VCPUs"": 2,  ""UsageType"": ""ComputeHR""}",,,Virtual Machines,Dv2/DSv2 Series Windows VM (D1-D5),EUR
f55edc34-b2f6-42f6-b100-9f68e5110bb7,ACDMY-Costs,EU West,2019-04-05,Storage,Tiered Block Blob,c9711c6c-2fb5-4ff1-ad23-17e9beab62ba,Cool Read Operations,EU West,0.0001,0.008433,0.000000843300000000000000,Microsoft.Storage,Microsoft.Storage/storageAccounts,/subscriptions/f55edc34-b2f6-42f6-b100-9f68e5110bb7/resourceGroups/ACDMY-Costs/providers/Microsoft.Storage/storageAccounts/sa4costs0149,,,,,,Storage,Tiered Block Blobs v2,EUR
f55edc34-b2f6-42f6-b100-9f68e5110bb7,acdmy-costs,EU West,2019-04-06,Advanced Threat Protection,Storage,3783f977-f109-4a6b-9cf6-2f1432bb770c,Standard Trial Transactions,,0.0005,0,0,Microsoft.Storage,Microsoft.Storage/storageAccounts,/subscriptions/f55edc34-b2f6-42f6-b100-9f68e5110bb7/resourceGroups/acdmy-costs/providers/Microsoft.Storage/storageAccounts/sa4costs0149,,,,,,Advanced Threat Protection,Advanced Threat Protection - Storage,EUR
f55edc34-b2f6-42f6-b100-9f68e5110bb7,SCENO-BACKUPAZUREVM,EU North,2019-04-05,Virtual Machines,Dv2/DSv2 Series Windows,4031e931-56e8-440a-8c08-a45cef6d4314,D2 v2/DS2 v2,EU North,24,0.111315599999926,2.67157439999822,Microsoft.Compute,Microsoft.Compute/virtualMachines,/subscriptions/f55edc34-b2f6-42f6-b100-9f68e5110bb7/resourceGroups/SCENO-BACKUPAZUREVM/providers/Microsoft.Compute/virtualMachines/BackupAzureVM,,,"{  ""ImageType"": null,  ""ServiceType"": ""Standard_DS2_v2"",  ""VMName"": null,  ""VMProperties"": null,  ""VCPUs"": 2,  ""UsageType"": ""ComputeHR""}",,,Virtual Machines,Dv2/DSv2 Series Windows VM (D1-D5),EUR
f55edc34-b2f6-42f6-b100-9f68e5110bb7,TestRG,EU North,2019-04-05,Storage,Tables,b9e5e77c-a0b3-4a2c-9b8b-57fa54f31c52,Batch Write Operations,,0.0146,0.000303588,0.0000044323848,Microsoft.Storage,Microsoft.Storage/storageAccounts,/subscriptions/f55edc34-b2f6-42f6-b100-9f68e5110bb7/resourceGroups/TestRG/providers/Microsoft.Storage/storageAccounts/bfrankfiles,,,,,,Storage,Tables,EUR
f55edc34-b2f6-42f6-b100-9f68e5110bb7,ACDMY-Costs,EU West,2019-04-06,Storage,Tables,3f2b1e1c-c886-4ec6-ad6f-dd0ef38819c9,LRS Data Stored,,0.00001,0.059031,0.0000005903100000000000000,Microsoft.Storage,Microsoft.Storage/storageAccounts,/subscriptions/f55edc34-b2f6-42f6-b100-9f68e5110bb7/resourceGroups/ACDMY-Costs/providers/Microsoft.Storage/storageAccounts/sa4costs0149,,,,,,Storage,Tables,EUR
f55edc34-b2f6-42f6-b100-9f68e5110bb7,ACDMY-Costs,EU West,2019-04-04,Bandwidth,,9995d93a-7d35-4d3f-9c69-7a7fea447ef4,Data Transfer Out,Zone 1,0.000002,0.0733671,0.000000146734200000000000000,Microsoft.Storage,Microsoft.Storage/storageAccounts,/subscriptions/f55edc34-b2f6-42f6-b100-9f68e5110bb7/resourceGroups/ACDMY-Costs/providers/Microsoft.Storage/storageAccounts/sa4costs0149,,,,,,Bandwidth,Bandwidth - Outbound Data Transfer,EUR
f55edc34-b2f6-42f6-b100-9f68e5110bb7,SCENO-BACKUPAZUREVM,EU North,2019-04-06,Bandwidth,,9995d93a-7d35-4d3f-9c69-7a7fea447ef4,Data Transfer Out,Zone 1,0.005745,0.0733671,0.0004214939895,Microsoft.Compute,Microsoft.Compute/virtualMachines,/subscriptions/f55edc34-b2f6-42f6-b100-9f68e5110bb7/resourceGroups/SCENO-BACKUPAZUREVM/providers/Microsoft.Compute/virtualMachines/BackupAzureVM,,,"{  ""ImageType"": null,  ""ServiceType"": null,  ""VMName"": null,  ""VMProperties"": null,  ""VCPUs"": 0,  ""UsageType"": ""DataTrOut""}",,,Bandwidth,Bandwidth - Outbound Data Transfer,EUR
f55edc34-b2f6-42f6-b100-9f68e5110bb7,SCENO-BACKUPAZUREVM,EU North,2019-04-04,Virtual Machines,Dv2/DSv2 Series Windows,4031e931-56e8-440a-8c08-a45cef6d4314,D2 v2/DS2 v2,EU North,4.350007,0.111315599999926,0.484223639208877,Microsoft.Compute,Microsoft.Compute/virtualMachines,/subscriptions/f55edc34-b2f6-42f6-b100-9f68e5110bb7/resourceGroups/SCENO-BACKUPAZUREVM/providers/Microsoft.Compute/virtualMachines/RestoredVM,,,"{  ""ImageType"": null,  ""ServiceType"": ""Standard_DS2_v2"",  ""VMName"": null,  ""VMProperties"": null,  ""VCPUs"": 2,  ""UsageType"": ""ComputeHR""}",,,Virtual Machines,Dv2/DSv2 Series Windows VM (D1-D5),EUR
f55edc34-b2f6-42f6-b100-9f68e5110bb7,Ex2-RG,EU North,2019-04-05,Storage,Tiered Block Blob,108a63a0-143f-4aea-b1a0-6a931d5d8bb9,Cool LRS Write Operations,EU North,0.0001,0.08433,0.000008433,Microsoft.Storage,Microsoft.Storage/storageAccounts,/subscriptions/f55edc34-b2f6-42f6-b100-9f68e5110bb7/resourceGroups/Ex2-RG/providers/Microsoft.Storage/storageAccounts/dscmetasa223608017,,,,,,Storage,Tiered Block Blobs v2,EUR
f55edc34-b2f6-42f6-b100-9f68e5110bb7,defaultresourcegroup-weu,EU West,2019-04-05,Security Center,,4f8f8a7e-8635-46df-b708-177c3c2a8591,Standard Trial Node,,24,0,0,microsoft.operationalinsights,microsoft.operationalinsights/workspaces,/subscriptions/f55edc34-b2f6-42f6-b100-9f68e5110bb7/resourcegroups/defaultresourcegroup-weu/providers/microsoft.operationalinsights/workspaces/defaultworkspace-f55edc34-b2f6-42f6-b100-9f68e5110bb7-weu,,,,,,Security Center,Security Center,EUR
f55edc34-b2f6-42f6-b100-9f68e5110bb7,ACDMY-Costs,EU West,2019-04-04,Storage,Tables,b9e5e77c-a0b3-4a2c-9b8b-57fa54f31c52,Batch Write Operations,,0.0091,0.000303588,0.0000027626508,Microsoft.Storage,Microsoft.Storage/storageAccounts,/subscriptions/f55edc34-b2f6-42f6-b100-9f68e5110bb7/resourceGroups/ACDMY-Costs/providers/Microsoft.Storage/storageAccounts/sa4costs0149,,,,,,Storage,Tables,EUR
f55edc34-b2f6-42f6-b100-9f68e5110bb7,dnsrg,Unknown,2019-04-06,Azure DNS,,8f967c58-b144-4bd7-8882-8bf02767c839,Public Zones,,0.029569892473118,0.42165,0.01246814516129,Microsoft.Network,Microsoft.Network/dnszones,/subscriptions/f55edc34-b2f6-42f6-b100-9f68e5110bb7/resourceGroups/dnsrg/providers/Microsoft.Network/dnszones/contoso.azure,,,,,,Azure DNS,Public DNS,EUR
f55edc34-b2f6-42f6-b100-9f68e5110bb7,SCENO-BACKUPAZUREVM,EU North,2019-04-05,Storage,Standard SSD Managed Disks,ce957933-8287-4f8b-83ee-53a5cbe056d9,Disk Operations,,4.278,0.0016866,0.0072152748,Microsoft.Compute,Microsoft.Compute/disks,/subscriptions/f55edc34-b2f6-42f6-b100-9f68e5110bb7/resourceGroups/SCENO-BACKUPAZUREVM/providers/Microsoft.Compute/disks/BackupAzureVM-DataDisk,,,,,,Storage,Standard SSD Managed Disks,EUR
f55edc34-b2f6-42f6-b100-9f68e5110bb7,ACDMY-Costs,EU West,2019-04-05,Storage,Tiered Block Blob,3e3981ec-a567-4790-9b06-484295b9b3dc,All Other Operations,EU West,0.0012,0.00362619,0.000004351428,Microsoft.Storage,Microsoft.Storage/storageAccounts,/subscriptions/f55edc34-b2f6-42f6-b100-9f68e5110bb7/resourceGroups/ACDMY-Costs/providers/Microsoft.Storage/storageAccounts/sa4costs0149,,,,,,Storage,Tiered Block Blobs v2,EUR
f55edc34-b2f6-42f6-b100-9f68e5110bb7,ACDMY-Costs,EU West,2019-04-04,Storage,Tables,12da282f-7e96-49e2-983a-9a65da2a4866,Read Operations,,0.0005,0.000303588,0.00000015179400000000000000,Microsoft.Storage,Microsoft.Storage/storageAccounts,/subscriptions/f55edc34-b2f6-42f6-b100-9f68e5110bb7/resourceGroups/ACDMY-Costs/providers/Microsoft.Storage/storageAccounts/sa4costs0149,,,,,,Storage,Tables,EUR
f55edc34-b2f6-42f6-b100-9f68e5110bb7,SCENO-BACKUPAZUREVM,EU North,2019-04-04,Storage,Standard SSD Managed Disks,fdaabab6-fd30-4d4d-9998-a97c0fbd2c41,E10 Disks,EU North,0.008334,8.09568,0.06746939712,Microsoft.Compute,Microsoft.Compute/disks,/subscriptions/f55edc34-b2f6-42f6-b100-9f68e5110bb7/resourceGroups/SCENO-BACKUPAZUREVM/providers/Microsoft.Compute/disks/restoredvm-osdisk-20190404-063628,"""RSVaultBackup"": ""41ba47db-efd0-433b-8533-d33b26803b4b""",,,,,Storage,Standard SSD Managed Disks,EUR
f55edc34-b2f6-42f6-b100-9f68e5110bb7,Ex2-RG,EU North,2019-04-05,Virtual Machines,Dv2/DSv2 Series Windows,4031e931-56e8-440a-8c08-a45cef6d4314,D2 v2/DS2 v2,EU North,0.300006,0.111315599999926,0.033395347893578,Microsoft.Compute,Microsoft.Compute/virtualMachineScaleSets,/subscriptions/f55edc34-b2f6-42f6-b100-9f68e5110bb7/resourceGroups/Ex2-RG/providers/Microsoft.Compute/virtualMachineScaleSets/myVMScaleSet,,,"{  ""ImageType"": null,  ""ServiceType"": ""Standard_DS2_v2"",  ""VMName"": ""myVMScaleSet_4"",  ""VMProperties"": null,  ""VCPUs"": 2,  ""UsageType"": ""ComputeHR""}",,,Virtual Machines,Dv2/DSv2 Series Windows VM (D1-D5),EUR
f55edc34-b2f6-42f6-b100-9f68e5110bb7,ACDMY-Costs,EU West,2019-04-05,Bandwidth,,9995d93a-7d35-4d3f-9c69-7a7fea447ef4,Data Transfer Out,Zone 1,0.00006,0.0733671,0.000004402026,Microsoft.Storage,Microsoft.Storage/storageAccounts,/subscriptions/f55edc34-b2f6-42f6-b100-9f68e5110bb7/resourceGroups/ACDMY-Costs/providers/Microsoft.Storage/storageAccounts/sa4costs0149,,,,,,Bandwidth,Bandwidth - Outbound Data Transfer,EUR
f55edc34-b2f6-42f6-b100-9f68e5110bb7,ACDMY-Costs,EU West,2019-04-04,Storage,Tables,9cb0bde8-bc0d-468c-8423-a25fe06779d3,Write Operations,,0.0005,0.000303588,0.00000015179400000000000000,Microsoft.Storage,Microsoft.Storage/storageAccounts,/subscriptions/f55edc34-b2f6-42f6-b100-9f68e5110bb7/resourceGroups/ACDMY-Costs/providers/Microsoft.Storage/storageAccounts/sa4costs0149,,,,,,Storage,Tables,EUR
f55edc34-b2f6-42f6-b100-9f68e5110bb7,ACDMY-Costs,EU West,2019-04-04,Storage,Tiered Block Blob,c9711c6c-2fb5-4ff1-ad23-17e9beab62ba,Cool Read Operations,EU West,0.0001,0.008433,0.000000843300000000000000,Microsoft.Storage,Microsoft.Storage/storageAccounts,/subscriptions/f55edc34-b2f6-42f6-b100-9f68e5110bb7/resourceGroups/ACDMY-Costs/providers/Microsoft.Storage/storageAccounts/sa4costs0149,,,,,,Storage,Tiered Block Blobs v2,EUR
f55edc34-b2f6-42f6-b100-9f68e5110bb7,SCENO-BACKUPAZUREVM,EU North,2019-04-04,Bandwidth,,9995d93a-7d35-4d3f-9c69-7a7fea447ef4,Data Transfer Out,Zone 1,0.001327,0.0733671,0.0000973581417,Microsoft.Compute,Microsoft.Compute/virtualMachines,/subscriptions/f55edc34-b2f6-42f6-b100-9f68e5110bb7/resourceGroups/SCENO-BACKUPAZUREVM/providers/Microsoft.Compute/virtualMachines/RestoredVM,,,"{  ""ImageType"": null,  ""ServiceType"": null,  ""VMName"": null,  ""VMProperties"": null,  ""VCPUs"": 0,  ""UsageType"": ""DataTrOut""}",,,Bandwidth,Bandwidth - Outbound Data Transfer,EUR
f55edc34-b2f6-42f6-b100-9f68e5110bb7,Ex2-RG,EU North,2019-04-05,Load Balancer,Standard,dfc7cc11-fbe2-41c8-b6fa-24a574223938,Data Processed,,0.325571346096694,0.0042165,0.001372771580817,Microsoft.Network,Microsoft.Network/loadBalancers,/subscriptions/f55edc34-b2f6-42f6-b100-9f68e5110bb7/resourceGroups/Ex2-RG/providers/Microsoft.Network/loadBalancers/myLoadBalancer,,,"{  ""VIP"": ""52.156.195.68""}",,,Load Balancer,Standard Load Balancer,EUR
f55edc34-b2f6-42f6-b100-9f68e5110bb7,SCENO-BACKUPAZUREVM,EU North,2019-04-04,Storage,Standard SSD Managed Disks,eb1e1a6a-58d5-491e-8fcf-83cb555a3dee,LRS Snapshots,EU North,0.888744,0.1113156,0.0989310716064,Microsoft.Compute,Microsoft.Compute/disks,/subscriptions/f55edc34-b2f6-42f6-b100-9f68e5110bb7/resourceGroups/SCENO-BACKUPAZUREVM/providers/Microsoft.Compute/disks/BackupAzureVM-DataDisk,,,,,,Storage,Standard SSD Managed Disks,EUR
f55edc34-b2f6-42f6-b100-9f68e5110bb7,Sceno-BackupAzureVM,EU North,2019-04-04,Virtual Machines,Dv2/DSv2 Series Windows,4031e931-56e8-440a-8c08-a45cef6d4314,D2 v2/DS2 v2,EU North,1.683347,0.111315599999926,0.187382781313075,Microsoft.Compute,Microsoft.Compute/virtualMachines,/subscriptions/f55edc34-b2f6-42f6-b100-9f68e5110bb7/resourceGroups/Sceno-BackupAzureVM/providers/Microsoft.Compute/virtualMachines/RestoredVM,,,"{  ""ImageType"": null,  ""ServiceType"": ""Standard_DS2_v2"",  ""VMName"": null,  ""VMProperties"": null,  ""VCPUs"": 2,  ""UsageType"": ""ComputeHR""}",,,Virtual Machines,Dv2/DSv2 Series Windows VM (D1-D5),EUR
f55edc34-b2f6-42f6-b100-9f68e5110bb7,Sceno-BackupAzureVM,EU North,2019-04-04,Bandwidth,,32c3ebec-1646-49e3-8127-2cafbd3a04d8,Data Transfer In,Zone 1,0.000618,0,0,Microsoft.Compute,Microsoft.Compute/virtualMachines,/subscriptions/f55edc34-b2f6-42f6-b100-9f68e5110bb7/resourceGroups/Sceno-BackupAzureVM/providers/Microsoft.Compute/virtualMachines/RestoredVM,,,"{  ""ImageType"": null,  ""ServiceType"": null,  ""VMName"": null,  ""VMProperties"": null,  ""VCPUs"": 0,  ""UsageType"": ""DataTrIn""}",,,Bandwidth,Bandwidth - Inbound Data Transfer,EUR
f55edc34-b2f6-42f6-b100-9f68e5110bb7,Ex2-RG,EU North,2019-04-05,Virtual Machines,Dv2/DSv2 Series Windows,4031e931-56e8-440a-8c08-a45cef6d4314,D2 v2/DS2 v2,EU North,0.283339,0.111315599999926,0.031540050788379,Microsoft.Compute,Microsoft.Compute/virtualMachineScaleSets,/subscriptions/f55edc34-b2f6-42f6-b100-9f68e5110bb7/resourceGroups/Ex2-RG/providers/Microsoft.Compute/virtualMachineScaleSets/myVMScaleSet,,,"{  ""ImageType"": null,  ""ServiceType"": ""Standard_DS2_v2"",  ""VMName"": ""myVMScaleSet_5"",  ""VMProperties"": null,  ""VCPUs"": 2,  ""UsageType"": ""ComputeHR""}",,,Virtual Machines,Dv2/DSv2 Series Windows VM (D1-D5),EUR
f55edc34-b2f6-42f6-b100-9f68e5110bb7,Ex2-RG,EU North,2019-04-05,Bandwidth,,32c3ebec-1646-49e3-8127-2cafbd3a04d8,Data Transfer In,Zone 1,0.119615,0,0,Microsoft.Compute,Microsoft.Compute/virtualMachineScaleSets,/subscriptions/f55edc34-b2f6-42f6-b100-9f68e5110bb7/resourceGroups/Ex2-RG/providers/Microsoft.Compute/virtualMachineScaleSets/myVMScaleSet,,,"{  ""ImageType"": null,  ""ServiceType"": null,  ""VMName"": ""myVMScaleSet_4"",  ""VMProperties"": null,  ""VCPUs"": 0,  ""UsageType"": ""DataTrIn""}",,,Bandwidth,Bandwidth - Inbound Data Transfer,EUR
f55edc34-b2f6-42f6-b100-9f68e5110bb7,SCENO-BACKUPAZUREVM,EU North,2019-04-04,Bandwidth,,32c3ebec-1646-49e3-8127-2cafbd3a04d8,Data Transfer In,Zone 1,0.028449,0,0,Microsoft.Compute,Microsoft.Compute/virtualMachines,/subscriptions/f55edc34-b2f6-42f6-b100-9f68e5110bb7/resourceGroups/SCENO-BACKUPAZUREVM/providers/Microsoft.Compute/virtualMachines/RestoredVM,,,"{  ""ImageType"": null,  ""ServiceType"": null,  ""VMName"": null,  ""VMProperties"": null,  ""VCPUs"": 0,  ""UsageType"": ""DataTrIn""}",,,Bandwidth,Bandwidth - Inbound Data Transfer,EUR
f55edc34-b2f6-42f6-b100-9f68e5110bb7,SCENO-BACKUPAZUREVM,EU North,2019-04-04,Storage,Standard SSD Managed Disks,eb1e1a6a-58d5-491e-8fcf-83cb555a3dee,LRS Snapshots,EU North,0.02813,0.1113156,0.003131307828,Microsoft.Compute,Microsoft.Compute/disks,/subscriptions/f55edc34-b2f6-42f6-b100-9f68e5110bb7/resourceGroups/SCENO-BACKUPAZUREVM/providers/Microsoft.Compute/disks/BackupAzureVM-OSDisk,,,,,,Storage,Standard SSD Managed Disks,EUR
f55edc34-b2f6-42f6-b100-9f68e5110bb7,Sceno-BackupAzureVM,EU North,2019-04-06,Backup,,d17674bb-cb9c-45f0-8eb4-bd325b8c2606,GRS Data Stored,,2.658327,0.0404784,0.1076048236368,Microsoft.RecoveryServices,Microsoft.RecoveryServices/vaults,/subscriptions/f55edc34-b2f6-42f6-b100-9f68e5110bb7/resourceGroups/Sceno-BackupAzureVM/providers/Microsoft.RecoveryServices/vaults/BackupAzureVM-Vault,,,,,,Backup,Backup Storage,EUR
f55edc34-b2f6-42f6-b100-9f68e5110bb7,Sceno-BackupAzureVM,EU North,2019-04-04,Backup,,d17674bb-cb9c-45f0-8eb4-bd325b8c2606,GRS Data Stored,,2.380652,0.0404784,0.0963649839168,Microsoft.RecoveryServices,Microsoft.RecoveryServices/vaults,/subscriptions/f55edc34-b2f6-42f6-b100-9f68e5110bb7/resourceGroups/Sceno-BackupAzureVM/providers/Microsoft.RecoveryServices/vaults/BackupAzureVM-Vault,,,,,,Backup,Backup Storage,EUR
f55edc34-b2f6-42f6-b100-9f68e5110bb7,Ex2-RG,EU North,2019-04-05,Virtual Machines,Dv2/DSv2 Series Windows,4031e931-56e8-440a-8c08-a45cef6d4314,D2 v2/DS2 v2,EU North,2.133356,0.111315599999926,0.237475803153442,Microsoft.Compute,Microsoft.Compute/virtualMachineScaleSets,/subscriptions/f55edc34-b2f6-42f6-b100-9f68e5110bb7/resourceGroups/Ex2-RG/providers/Microsoft.Compute/virtualMachineScaleSets/myVMScaleSet,,,"{  ""ImageType"": null,  ""ServiceType"": ""Standard_DS2_v2"",  ""VMName"": ""myVMScaleSet_2"",  ""VMProperties"": null,  ""VCPUs"": 2,  ""UsageType"": ""ComputeHR""}",,,Virtual Machines,Dv2/DSv2 Series Windows VM (D1-D5),EUR
f55edc34-b2f6-42f6-b100-9f68e5110bb7,Ex2-RG,EU North,2019-04-05,Bandwidth,,9995d93a-7d35-4d3f-9c69-7a7fea447ef4,Data Transfer Out,Zone 1,0.000912,0.0733671,0.0000669107952,Microsoft.Compute,Microsoft.Compute/virtualMachineScaleSets,/subscriptions/f55edc34-b2f6-42f6-b100-9f68e5110bb7/resourceGroups/Ex2-RG/providers/Microsoft.Compute/virtualMachineScaleSets/myVMScaleSet,,,"{  ""ImageType"": null,  ""ServiceType"": null,  ""VMName"": ""myVMScaleSet_4"",  ""VMProperties"": null,  ""VCPUs"": 0,  ""UsageType"": ""DataTrOut""}",,,Bandwidth,Bandwidth - Outbound Data Transfer,EUR
f55edc34-b2f6-42f6-b100-9f68e5110bb7,Ex2-RG,EU North,2019-04-05,Storage,Tiered Block Blob,24c57c5f-5b22-4a2e-8e31-fc67207abecc,All Other Operations,EU North,0.0007,0.0033732,0.00000236124,Microsoft.Storage,Microsoft.Storage/storageAccounts,/subscriptions/f55edc34-b2f6-42f6-b100-9f68e5110bb7/resourceGroups/Ex2-RG/providers/Microsoft.Storage/storageAccounts/dscmetasa223608017,,,,,,Storage,Tiered Block Blobs v2,EUR
f55edc34-b2f6-42f6-b100-9f68e5110bb7,ACDMY-Costs,EU West,2019-04-05,Storage,Tiered Block Blob,2a87c94a-471c-46e5-931a-f7310f143322,Cool LRS Write Operations,EU West,0.0003,0.08433,0.000025299,Microsoft.Storage,Microsoft.Storage/storageAccounts,/subscriptions/f55edc34-b2f6-42f6-b100-9f68e5110bb7/resourceGroups/ACDMY-Costs/providers/Microsoft.Storage/storageAccounts/sa4costs0149,,,,,,Storage,Tiered Block Blobs v2,EUR
f55edc34-b2f6-42f6-b100-9f68e5110bb7,SCENO-BACKUPAZUREVM,EU North,2019-04-04,Bandwidth,,32c3ebec-1646-49e3-8127-2cafbd3a04d8,Data Transfer In,Zone 1,0.032337,0,0,Microsoft.Compute,Microsoft.Compute/virtualMachines,/subscriptions/f55edc34-b2f6-42f6-b100-9f68e5110bb7/resourceGroups/SCENO-BACKUPAZUREVM/providers/Microsoft.Compute/virtualMachines/BackupAzureVM,,,"{  ""ImageType"": null,  ""ServiceType"": null,  ""VMName"": null,  ""VMProperties"": null,  ""VCPUs"": 0,  ""UsageType"": ""DataTrIn""}",,,Bandwidth,Bandwidth - Inbound Data Transfer,EUR
f55edc34-b2f6-42f6-b100-9f68e5110bb7,ACDMY-Costs,EU West,2019-04-04,Storage,Tiered Block Blob,3e3981ec-a567-4790-9b06-484295b9b3dc,All Other Operations,EU West,0.0016,0.00362619,0.000005801904,Microsoft.Storage,Microsoft.Storage/storageAccounts,/subscriptions/f55edc34-b2f6-42f6-b100-9f68e5110bb7/resourceGroups/ACDMY-Costs/providers/Microsoft.Storage/storageAccounts/sa4costs0149,,,,,,Storage,Tiered Block Blobs v2,EUR
f55edc34-b2f6-42f6-b100-9f68e5110bb7,SCENO-BACKUPAZUREVM,EU North,2019-04-01,Bandwidth,,32c3ebec-1646-49e3-8127-2cafbd3a04d8,Data Transfer In,Zone 1,0.024901,0,0,Microsoft.Compute,Microsoft.Compute/virtualMachines,/subscriptions/f55edc34-b2f6-42f6-b100-9f68e5110bb7/resourceGroups/SCENO-BACKUPAZUREVM/providers/Microsoft.Compute/virtualMachines/BackupAzureVM,,,"{  ""ImageType"": null,  ""ServiceType"": null,  ""VMName"": null,  ""VMProperties"": null,  ""VCPUs"": 0,  ""UsageType"": ""DataTrIn""}",,,Bandwidth,Bandwidth - Inbound Data Transfer,EUR
f55edc34-b2f6-42f6-b100-9f68e5110bb7,SCENO-BACKUPAZUREVM,EU North,2019-04-01,Storage,Standard SSD Managed Disks,ce957933-8287-4f8b-83ee-53a5cbe056d9,Disk Operations,,4.0585,0.0016866,0.0068450661,Microsoft.Compute,Microsoft.Compute/disks,/subscriptions/f55edc34-b2f6-42f6-b100-9f68e5110bb7/resourceGroups/SCENO-BACKUPAZUREVM/providers/Microsoft.Compute/disks/BackupAzureVM-DataDisk,,,,,,Storage,Standard SSD Managed Disks,EUR
f55edc34-b2f6-42f6-b100-9f68e5110bb7,SCENO-BACKUPAZUREVM,EU North,2019-04-02,Storage,Standard SSD Managed Disks,eb1e1a6a-58d5-491e-8fcf-83cb555a3dee,LRS Snapshots,EU North,0.888744,0.1113156,0.0989310716064,Microsoft.Compute,Microsoft.Compute/disks,/subscriptions/f55edc34-b2f6-42f6-b100-9f68e5110bb7/resourceGroups/SCENO-BACKUPAZUREVM/providers/Microsoft.Compute/disks/BackupAzureVM-DataDisk,,,,,,Storage,Standard SSD Managed Disks,EUR
f55edc34-b2f6-42f6-b100-9f68e5110bb7,ACDMY-AAutomation,EU West,2019-04-01,Automation,Process,95eca2c1-9519-4c55-baa1-9a0e0b201e25,Basic Runtime,,0.166666666666667,0.0016866,0.0002811,Microsoft.Automation,Microsoft.Automation/automationAccounts,/subscriptions/f55edc34-b2f6-42f6-b100-9f68e5110bb7/resourceGroups/ACDMY-AAutomation/providers/Microsoft.Automation/automationAccounts/myAutomationAccount,,,,,,Automation,Process,EUR
f55edc34-b2f6-42f6-b100-9f68e5110bb7,SCENO-BACKUPAZUREVM,EU North,2019-04-03,Storage,Standard SSD Managed Disks,eb1e1a6a-58d5-491e-8fcf-83cb555a3dee,LRS Snapshots,EU North,0.027098,0.1113156,0.0030164301288,Microsoft.Compute,Microsoft.Compute/disks,/subscriptions/f55edc34-b2f6-42f6-b100-9f68e5110bb7/resourceGroups/SCENO-BACKUPAZUREVM/providers/Microsoft.Compute/disks/BackupAzureVM-OSDisk,,,,,,Storage,Standard SSD Managed Disks,EUR
f55edc34-b2f6-42f6-b100-9f68e5110bb7,cloud-shell-storage-westeurope,EU West,2019-04-03,Storage,Tables,b9e5e77c-a0b3-4a2c-9b8b-57fa54f31c52,Batch Write Operations,,0.0146,0.000303588,0.0000044323848,Microsoft.Storage,Microsoft.Storage/storageAccounts,/subscriptions/f55edc34-b2f6-42f6-b100-9f68e5110bb7/resourceGroups/cloud-shell-storage-westeurope/providers/Microsoft.Storage/storageAccounts/csbf55edc34b2f6x42f6xb10,"""ms-resource-usage"": ""azure-cloud-shell""",,,,,Storage,Tables,EUR
f55edc34-b2f6-42f6-b100-9f68e5110bb7,SCENO-BACKUPAZUREVM,EU North,2019-04-01,Storage,Standard SSD Managed Disks,eb1e1a6a-58d5-491e-8fcf-83cb555a3dee,LRS Snapshots,EU North,0.888744,0.1113156,0.0989310716064,Microsoft.Compute,Microsoft.Compute/disks,/subscriptions/f55edc34-b2f6-42f6-b100-9f68e5110bb7/resourceGroups/SCENO-BACKUPAZUREVM/providers/Microsoft.Compute/disks/BackupAzureVM-DataDisk,,,,,,Storage,Standard SSD Managed Disks,EUR
f55edc34-b2f6-42f6-b100-9f68e5110bb7,SCENO-BACKUPAZUREVM,EU North,2019-04-03,Storage,Standard SSD Managed Disks,ce957933-8287-4f8b-83ee-53a5cbe056d9,Disk Operations,,20.306,0.0016866,0.0342480996,Microsoft.Compute,Microsoft.Compute/disks,/subscriptions/f55edc34-b2f6-42f6-b100-9f68e5110bb7/resourceGroups/SCENO-BACKUPAZUREVM/providers/Microsoft.Compute/disks/BackupAzureVM-OSDisk,,,,,,Storage,Standard SSD Managed Disks,EUR
f55edc34-b2f6-42f6-b100-9f68e5110bb7,SCENO-BACKUPAZUREVM,EU North,2019-04-02,Bandwidth,,32c3ebec-1646-49e3-8127-2cafbd3a04d8,Data Transfer In,Zone 1,0.010208,0,0,Microsoft.Compute,Microsoft.Compute/virtualMachines,/subscriptions/f55edc34-b2f6-42f6-b100-9f68e5110bb7/resourceGroups/SCENO-BACKUPAZUREVM/providers/Microsoft.Compute/virtualMachines/BackupAzureVM,,,"{  ""ImageType"": null,  ""ServiceType"": null,  ""VMName"": null,  ""VMProperties"": null,  ""VCPUs"": 0,  ""UsageType"": ""DataTrIn""}",,,Bandwidth,Bandwidth - Inbound Data Transfer,EUR
f55edc34-b2f6-42f6-b100-9f68e5110bb7,SCENO-BACKUPAZUREVM,EU North,2019-04-03,Storage,Standard SSD Managed Disks,fdaabab6-fd30-4d4d-9998-a97c0fbd2c41,E10 Disks,EU North,0.033336,8.09568,0.26987758848,Microsoft.Compute,Microsoft.Compute/disks,/subscriptions/f55edc34-b2f6-42f6-b100-9f68e5110bb7/resourceGroups/SCENO-BACKUPAZUREVM/providers/Microsoft.Compute/disks/BackupAzureVM-OSDisk,,,,,,Storage,Standard SSD Managed Disks,EUR
f55edc34-b2f6-42f6-b100-9f68e5110bb7,cloud-shell-storage-westeurope,EU West,2019-04-01,Storage,Files,ed8a651a-e0a3-4de6-a8ae-3b4ce8cb72cf,LRS Data Stored,,0.166656,0.050598,0.008432460288,Microsoft.Storage,Microsoft.Storage/storageAccounts,/subscriptions/f55edc34-b2f6-42f6-b100-9f68e5110bb7/resourceGroups/cloud-shell-storage-westeurope/providers/Microsoft.Storage/storageAccounts/csbf55edc34b2f6x42f6xb10,"""ms-resource-usage"": ""azure-cloud-shell""",,,,,Storage,Files,EUR
f55edc34-b2f6-42f6-b100-9f68e5110bb7,SCENO-BACKUPAZUREVM,EU North,2019-04-01,Storage,Standard SSD Managed Disks,ce957933-8287-4f8b-83ee-53a5cbe056d9,Disk Operations,,20.2897,0.0016866,0.03422060802,Microsoft.Compute,Microsoft.Compute/disks,/subscriptions/f55edc34-b2f6-42f6-b100-9f68e5110bb7/resourceGroups/SCENO-BACKUPAZUREVM/providers/Microsoft.Compute/disks/BackupAzureVM-OSDisk,,,,,,Storage,Standard SSD Managed Disks,EUR
f55edc34-b2f6-42f6-b100-9f68e5110bb7,Ex2-RG,EU North,2019-04-05,Bandwidth,,9995d93a-7d35-4d3f-9c69-7a7fea447ef4,Data Transfer Out,Zone 1,0.000817,0.0733671,0.0000599409207,Microsoft.Compute,Microsoft.Compute/virtualMachineScaleSets,/subscriptions/f55edc34-b2f6-42f6-b100-9f68e5110bb7/resourceGroups/Ex2-RG/providers/Microsoft.Compute/virtualMachineScaleSets/myVMScaleSet,,,"{  ""ImageType"": null,  ""ServiceType"": null,  ""VMName"": ""myVMScaleSet_1"",  ""VMProperties"": null,  ""VCPUs"": 0,  ""UsageType"": ""DataTrOut""}",,,Bandwidth,Bandwidth - Outbound Data Transfer,EUR
f55edc34-b2f6-42f6-b100-9f68e5110bb7,ACDMY-Costs,EU West,2019-04-04,Storage,Tiered Block Blob,2a87c94a-471c-46e5-931a-f7310f143322,Cool LRS Write Operations,EU West,0.0006,0.08433,0.000050598,Microsoft.Storage,Microsoft.Storage/storageAccounts,/subscriptions/f55edc34-b2f6-42f6-b100-9f68e5110bb7/resourceGroups/ACDMY-Costs/providers/Microsoft.Storage/storageAccounts/sa4costs0149,,,,,,Storage,Tiered Block Blobs v2,EUR
f55edc34-b2f6-42f6-b100-9f68e5110bb7,ACDMY-Costs,EU West,2019-04-04,Storage,Tiered Block Blob,34013683-6f3f-4b90-b235-aa579b1f2881,Cool Data Retrieval,EU West,0.00003,0.008433,0.0000002529900000000000000,Microsoft.Storage,Microsoft.Storage/storageAccounts,/subscriptions/f55edc34-b2f6-42f6-b100-9f68e5110bb7/resourceGroups/ACDMY-Costs/providers/Microsoft.Storage/storageAccounts/sa4costs0149,,,,,,Storage,Tiered Block Blobs v2,EUR
f55edc34-b2f6-42f6-b100-9f68e5110bb7,ACDMY-AAutomation,EU West,2019-04-05,Automation,Process,95eca2c1-9519-4c55-baa1-9a0e0b201e25,Basic Runtime,,0.166666666666667,0.0016866,0.0002811,Microsoft.Automation,Microsoft.Automation/automationAccounts,/subscriptions/f55edc34-b2f6-42f6-b100-9f68e5110bb7/resourceGroups/ACDMY-AAutomation/providers/Microsoft.Automation/automationAccounts/myAutomationAccount,,,,,,Automation,Process,EUR
f55edc34-b2f6-42f6-b100-9f68e5110bb7,dnsrg,Unknown,2019-04-04,Azure DNS,,8f967c58-b144-4bd7-8882-8bf02767c839,Public Zones,,0.032258064516129,0.42165,0.013601612903226,Microsoft.Network,Microsoft.Network/dnszones,/subscriptions/f55edc34-b2f6-42f6-b100-9f68e5110bb7/resourceGroups/dnsrg/providers/Microsoft.Network/dnszones/contoso.azure,,,,,,Azure DNS,Public DNS,EUR
f55edc34-b2f6-42f6-b100-9f68e5110bb7,Ex2-RG,EU North,2019-04-05,Load Balancer,Standard,27827eb0-7f60-4928-940b-f5fe15e7a4cb,Included LB Rules and Outbound Rules,,2.2,0.0210825,0.0463815,Microsoft.Network,Microsoft.Network/loadBalancers,/subscriptions/f55edc34-b2f6-42f6-b100-9f68e5110bb7/resourceGroups/Ex2-RG/providers/Microsoft.Network/loadBalancers/myLoadBalancer,,,,,,Load Balancer,Standard Load Balancer,EUR
f55edc34-b2f6-42f6-b100-9f68e5110bb7,ACDMY-Costs,EU West,2019-04-05,Storage,Tables,9cb0bde8-bc0d-468c-8423-a25fe06779d3,Write Operations,,0.0002,0.000303588,0.00000006071760000000000000000,Microsoft.Storage,Microsoft.Storage/storageAccounts,/subscriptions/f55edc34-b2f6-42f6-b100-9f68e5110bb7/resourceGroups/ACDMY-Costs/providers/Microsoft.Storage/storageAccounts/sa4costs0149,,,,,,Storage,Tables,EUR
f55edc34-b2f6-42f6-b100-9f68e5110bb7,Ex2-RG,EU North,2019-04-05,Bandwidth,,32c3ebec-1646-49e3-8127-2cafbd3a04d8,Data Transfer In,Zone 1,0.253846,0,0,Microsoft.Compute,Microsoft.Compute/virtualMachineScaleSets,/subscriptions/f55edc34-b2f6-42f6-b100-9f68e5110bb7/resourceGroups/Ex2-RG/providers/Microsoft.Compute/virtualMachineScaleSets/myVMScaleSet,,,"{  ""ImageType"": null,  ""ServiceType"": null,  ""VMName"": ""myVMScaleSet_2"",  ""VMProperties"": null,  ""VCPUs"": 0,  ""UsageType"": ""DataTrIn""}",,,Bandwidth,Bandwidth - Inbound Data Transfer,EUR
f55edc34-b2f6-42f6-b100-9f68e5110bb7,cloud-shell-storage-westeurope,EU West,2019-04-02,Storage,Files,ed8a651a-e0a3-4de6-a8ae-3b4ce8cb72cf,LRS Data Stored,,0.166656,0.050598,0.008432460288,Microsoft.Storage,Microsoft.Storage/storageAccounts,/subscriptions/f55edc34-b2f6-42f6-b100-9f68e5110bb7/resourceGroups/cloud-shell-storage-westeurope/providers/Microsoft.Storage/storageAccounts/csbf55edc34b2f6x42f6xb10,"""ms-resource-usage"": ""azure-cloud-shell""",,,,,Storage,Files,EUR
f55edc34-b2f6-42f6-b100-9f68e5110bb7,SCENO-BACKUPAZUREVM,EU North,2019-04-03,Storage,Standard SSD Managed Disks,ce957933-8287-4f8b-83ee-53a5cbe056d9,Disk Operations,,4.0562,0.0016866,0.00684118692,Microsoft.Compute,Microsoft.Compute/disks,/subscriptions/f55edc34-b2f6-42f6-b100-9f68e5110bb7/resourceGroups/SCENO-BACKUPAZUREVM/providers/Microsoft.Compute/disks/BackupAzureVM-DataDisk,,,,,,Storage,Standard SSD Managed Disks,EUR
f55edc34-b2f6-42f6-b100-9f68e5110bb7,TestRG,EU North,2019-04-03,Storage,Tables,b9e5e77c-a0b3-4a2c-9b8b-57fa54f31c52,Batch Write Operations,,0.0146,0.000303588,0.0000044323848,Microsoft.Storage,Microsoft.Storage/storageAccounts,/subscriptions/f55edc34-b2f6-42f6-b100-9f68e5110bb7/resourceGroups/TestRG/providers/Microsoft.Storage/storageAccounts/bfrankfiles,,,,,,Storage,Tables,EUR
f55edc34-b2f6-42f6-b100-9f68e5110bb7,TestRG,EU North,2019-04-02,Storage,Tables,3f2b1e1c-c886-4ec6-ad6f-dd0ef38819c9,LRS Data Stored,,0.000072,0.059031,0.000004250232,Microsoft.Storage,Microsoft.Storage/storageAccounts,/subscriptions/f55edc34-b2f6-42f6-b100-9f68e5110bb7/resourceGroups/TestRG/providers/Microsoft.Storage/storageAccounts/bfrankfiles,,,,,,Storage,Tables,EUR
f55edc34-b2f6-42f6-b100-9f68e5110bb7,ACDMY-AAutomation,EU West,2019-04-03,Automation,Process,95eca2c1-9519-4c55-baa1-9a0e0b201e25,Basic Runtime,,0.166666666666667,0.0016866,0.0002811,Microsoft.Automation,Microsoft.Automation/automationAccounts,/subscriptions/f55edc34-b2f6-42f6-b100-9f68e5110bb7/resourceGroups/ACDMY-AAutomation/providers/Microsoft.Automation/automationAccounts/myAutomationAccount,,,,,,Automation,Process,EUR
f55edc34-b2f6-42f6-b100-9f68e5110bb7,defaultresourcegroup-weu,EU West,2019-04-01,Insight and Analytics,,6a11eb4c-01de-4438-88e0-e95b41869197,Data Included per Node,,0.000233658636937,0,0,microsoft.operationalinsights,microsoft.operationalinsights/workspaces,/subscriptions/f55edc34-b2f6-42f6-b100-9f68e5110bb7/resourcegroups/defaultresourcegroup-weu/providers/microsoft.operationalinsights/workspaces/defaultworkspace-f55edc34-b2f6-42f6-b100-9f68e5110bb7-weu,,,,,,Insight and Analytics,OMS - Insight and Security Data,EUR
f55edc34-b2f6-42f6-b100-9f68e5110bb7,Ex2-RG,EU North,2019-04-05,Bandwidth,,9995d93a-7d35-4d3f-9c69-7a7fea447ef4,Data Transfer Out,Zone 1,0.000562,0.0733671,0.0000412323102,Microsoft.Compute,Microsoft.Compute/virtualMachineScaleSets,/subscriptions/f55edc34-b2f6-42f6-b100-9f68e5110bb7/resourceGroups/Ex2-RG/providers/Microsoft.Compute/virtualMachineScaleSets/myVMScaleSet,,,"{  ""ImageType"": null,  ""ServiceType"": null,  ""VMName"": ""myVMScaleSet_5"",  ""VMProperties"": null,  ""VCPUs"": 0,  ""UsageType"": ""DataTrOut""}",,,Bandwidth,Bandwidth - Outbound Data Transfer,EUR
f55edc34-b2f6-42f6-b100-9f68e5110bb7,SCENO-BACKUPAZUREVM,EU North,2019-04-04,Storage,Standard SSD Managed Disks,ce957933-8287-4f8b-83ee-53a5cbe056d9,Disk Operations,,20.4059,0.0016866,0.03441659094,Microsoft.Compute,Microsoft.Compute/disks,/subscriptions/f55edc34-b2f6-42f6-b100-9f68e5110bb7/resourceGroups/SCENO-BACKUPAZUREVM/providers/Microsoft.Compute/disks/BackupAzureVM-OSDisk,,,,,,Storage,Standard SSD Managed Disks,EUR
f55edc34-b2f6-42f6-b100-9f68e5110bb7,SCENO-BACKUPAZUREVM,EU North,2019-04-04,Storage,Standard SSD Managed Disks,ce957933-8287-4f8b-83ee-53a5cbe056d9,Disk Operations,,5.759,0.0016866,0.0097131294,Microsoft.Compute,Microsoft.Compute/disks,/subscriptions/f55edc34-b2f6-42f6-b100-9f68e5110bb7/resourceGroups/SCENO-BACKUPAZUREVM/providers/Microsoft.Compute/disks/restoredvm-osdisk-20190404-063628,"""RSVaultBackup"": ""41ba47db-efd0-433b-8533-d33b26803b4b""",,,,,Storage,Standard SSD Managed Disks,EUR
f55edc34-b2f6-42f6-b100-9f68e5110bb7,ACDMY-Costs,EU West,2019-04-05,Storage,Tiered Block Blob,34013683-6f3f-4b90-b235-aa579b1f2881,Cool Data Retrieval,EU West,0.00005,0.008433,0.0000004216500000000000000,Microsoft.Storage,Microsoft.Storage/storageAccounts,/subscriptions/f55edc34-b2f6-42f6-b100-9f68e5110bb7/resourceGroups/ACDMY-Costs/providers/Microsoft.Storage/storageAccounts/sa4costs0149,,,,,,Storage,Tiered Block Blobs v2,EUR
f55edc34-b2f6-42f6-b100-9f68e5110bb7,SCENO-BACKUPAZUREVM,EU North,2019-04-04,Storage,Standard SSD Managed Disks,fdaabab6-fd30-4d4d-9998-a97c0fbd2c41,E10 Disks,EU North,0.033336,8.09568,0.26987758848,Microsoft.Compute,Microsoft.Compute/disks,/subscriptions/f55edc34-b2f6-42f6-b100-9f68e5110bb7/resourceGroups/SCENO-BACKUPAZUREVM/providers/Microsoft.Compute/disks/BackupAzureVM-DataDisk,,,,,,Storage,Standard SSD Managed Disks,EUR
f55edc34-b2f6-42f6-b100-9f68e5110bb7,ACDMY-VMBackup,EU West,2019-04-04,Backup,,6551548b-7e61-4f51-896e-eb907d256b95,Azure VM and on-premises Server Protected Instances,,0.004704,8.433,0.039668832,Microsoft.RecoveryServices,Microsoft.RecoveryServices/vaults,/subscriptions/f55edc34-b2f6-42f6-b100-9f68e5110bb7/resourceGroups/ACDMY-VMBackup/providers/Microsoft.RecoveryServices/vaults/VMOne-Vault,,,,,,Backup,Backup for Azure VMs and on-premises servers,EUR
f55edc34-b2f6-42f6-b100-9f68e5110bb7,ACDMY-Costs,EU West,2019-04-06,Storage,Tiered Block Blob,2a87c94a-471c-46e5-931a-f7310f143322,Cool LRS Write Operations,EU West,0.0003,0.08433,0.000025299,Microsoft.Storage,Microsoft.Storage/storageAccounts,/subscriptions/f55edc34-b2f6-42f6-b100-9f68e5110bb7/resourceGroups/ACDMY-Costs/providers/Microsoft.Storage/storageAccounts/sa4costs0149,,,,,,Storage,Tiered Block Blobs v2,EUR
f55edc34-b2f6-42f6-b100-9f68e5110bb7,ACDMY-AAutomation,EU West,2019-04-06,Automation,Process,95eca2c1-9519-4c55-baa1-9a0e0b201e25,Basic Runtime,,0.166666666666667,0.0016866,0.0002811,Microsoft.Automation,Microsoft.Automation/automationAccounts,/subscriptions/f55edc34-b2f6-42f6-b100-9f68e5110bb7/resourceGroups/ACDMY-AAutomation/providers/Microsoft.Automation/automationAccounts/myAutomationAccount,,,,,,Automation,Process,EUR
f55edc34-b2f6-42f6-b100-9f68e5110bb7,TestRG,EU North,2019-04-05,Storage,Tables,3f2b1e1c-c886-4ec6-ad6f-dd0ef38819c9,LRS Data Stored,,0.000072,0.059031,0.000004250232,Microsoft.Storage,Microsoft.Storage/storageAccounts,/subscriptions/f55edc34-b2f6-42f6-b100-9f68e5110bb7/resourceGroups/TestRG/providers/Microsoft.Storage/storageAccounts/bfrankfiles,,,,,,Storage,Tables,EUR
f55edc34-b2f6-42f6-b100-9f68e5110bb7,ACDMY-Costs,EU West,2019-04-06,Storage,Tiered Block Blob,15adff7b-0dab-4c00-889d-caa6d4fb31bb,Hot LRS Write Operations,EU West,0.0002,0.0455382,0.00000910764,Microsoft.Storage,Microsoft.Storage/storageAccounts,/subscriptions/f55edc34-b2f6-42f6-b100-9f68e5110bb7/resourceGroups/ACDMY-Costs/providers/Microsoft.Storage/storageAccounts/sa4costs0149,,,,,,Storage,Tiered Block Blobs v2,EUR
f55edc34-b2f6-42f6-b100-9f68e5110bb7,Ex2-RG,EU North,2019-04-05,Storage,Tiered Block Blob,5ebb1769-35d6-481a-b69a-3207e48f1e5f,Cool Read Operations,EU North,0.0002,0.008433,0.0000016866,Microsoft.Storage,Microsoft.Storage/storageAccounts,/subscriptions/f55edc34-b2f6-42f6-b100-9f68e5110bb7/resourceGroups/Ex2-RG/providers/Microsoft.Storage/storageAccounts/dscmetasa223608017,,,,,,Storage,Tiered Block Blobs v2,EUR
f55edc34-b2f6-42f6-b100-9f68e5110bb7,SCENO-BACKUPAZUREVM,EU North,2019-04-05,Storage,Standard SSD Managed Disks,ce957933-8287-4f8b-83ee-53a5cbe056d9,Disk Operations,,20.3906,0.0016866,0.03439078596,Microsoft.Compute,Microsoft.Compute/disks,/subscriptions/f55edc34-b2f6-42f6-b100-9f68e5110bb7/resourceGroups/SCENO-BACKUPAZUREVM/providers/Microsoft.Compute/disks/BackupAzureVM-OSDisk,,,,,,Storage,Standard SSD Managed Disks,EUR
f55edc34-b2f6-42f6-b100-9f68e5110bb7,Ex2-RG,EU North,2019-04-05,Storage,Tiered Block Blob,d28bad6f-033b-429c-81cc-a6d9324a70eb,Cool Data Retrieval,EU North,0.000003,0.008433,0.0000000252990000000000000000,Microsoft.Storage,Microsoft.Storage/storageAccounts,/subscriptions/f55edc34-b2f6-42f6-b100-9f68e5110bb7/resourceGroups/Ex2-RG/providers/Microsoft.Storage/storageAccounts/dscmetasa223608017,,,,,,Storage,Tiered Block Blobs v2,EUR
f55edc34-b2f6-42f6-b100-9f68e5110bb7,SCENO-BACKUPAZUREVM,EU North,2019-04-04,Storage,Standard SSD Managed Disks,fdaabab6-fd30-4d4d-9998-a97c0fbd2c41,E10 Disks,EU North,0.033336,8.09568,0.26987758848,Microsoft.Compute,Microsoft.Compute/disks,/subscriptions/f55edc34-b2f6-42f6-b100-9f68e5110bb7/resourceGroups/SCENO-BACKUPAZUREVM/providers/Microsoft.Compute/disks/BackupAzureVM-OSDisk,,,,,,Storage,Standard SSD Managed Disks,EUR
f55edc34-b2f6-42f6-b100-9f68e5110bb7,cloud-shell-storage-westeurope,EU West,2019-04-04,Storage,Tables,b9e5e77c-a0b3-4a2c-9b8b-57fa54f31c52,Batch Write Operations,,0.0147,0.000303588,0.0000044627436,Microsoft.Storage,Microsoft.Storage/storageAccounts,/subscriptions/f55edc34-b2f6-42f6-b100-9f68e5110bb7/resourceGroups/cloud-shell-storage-westeurope/providers/Microsoft.Storage/storageAccounts/csbf55edc34b2f6x42f6xb10,"""ms-resource-usage"": ""azure-cloud-shell""",,,,,Storage,Tables,EUR
f55edc34-b2f6-42f6-b100-9f68e5110bb7,ACDMY-Costs,EU West,2019-04-05,Bandwidth,,32c3ebec-1646-49e3-8127-2cafbd3a04d8,Data Transfer In,Zone 1,0.000065,0,0,Microsoft.Storage,Microsoft.Storage/storageAccounts,/subscriptions/f55edc34-b2f6-42f6-b100-9f68e5110bb7/resourceGroups/ACDMY-Costs/providers/Microsoft.Storage/storageAccounts/sa4costs0149,,,,,,Bandwidth,Bandwidth - Inbound Data Transfer,EUR
f55edc34-b2f6-42f6-b100-9f68e5110bb7,ACDMY-Costs,EU West,2019-04-05,Storage,Tiered Block Blob,15adff7b-0dab-4c00-889d-caa6d4fb31bb,Hot LRS Write Operations,EU West,0.0008,0.0455382,0.00003643056,Microsoft.Storage,Microsoft.Storage/storageAccounts,/subscriptions/f55edc34-b2f6-42f6-b100-9f68e5110bb7/resourceGroups/ACDMY-Costs/providers/Microsoft.Storage/storageAccounts/sa4costs0149,,,,,,Storage,Tiered Block Blobs v2,EUR
f55edc34-b2f6-42f6-b100-9f68e5110bb7,Sceno-BackupAzureVM,EU North,2019-04-04,Backup,,6551548b-7e61-4f51-896e-eb907d256b95,Azure VM and on-premises Server Protected Instances,,0.016128,8.433,0.136007424,Microsoft.RecoveryServices,Microsoft.RecoveryServices/vaults,/subscriptions/f55edc34-b2f6-42f6-b100-9f68e5110bb7/resourceGroups/Sceno-BackupAzureVM/providers/Microsoft.RecoveryServices/vaults/BackupAzureVM-Vault,,,,,,Backup,Backup for Azure VMs and on-premises servers,EUR
f55edc34-b2f6-42f6-b100-9f68e5110bb7,cloud-shell-storage-westeurope,EU West,2019-04-05,Storage,Tables,b9e5e77c-a0b3-4a2c-9b8b-57fa54f31c52,Batch Write Operations,,0.0146,0.000303588,0.0000044323848,Microsoft.Storage,Microsoft.Storage/storageAccounts,/subscriptions/f55edc34-b2f6-42f6-b100-9f68e5110bb7/resourceGroups/cloud-shell-storage-westeurope/providers/Microsoft.Storage/storageAccounts/csbf55edc34b2f6x42f6xb10,"""ms-resource-usage"": ""azure-cloud-shell""",,,,,Storage,Tables,EUR
f55edc34-b2f6-42f6-b100-9f68e5110bb7,Ex2-RG,EU North,2019-04-05,Bandwidth,,9995d93a-7d35-4d3f-9c69-7a7fea447ef4,Data Transfer Out,Zone 1,0.001181,0.0733671,0.0000866465451,Microsoft.Compute,Microsoft.Compute/virtualMachineScaleSets,/subscriptions/f55edc34-b2f6-42f6-b100-9f68e5110bb7/resourceGroups/Ex2-RG/providers/Microsoft.Compute/virtualMachineScaleSets/myVMScaleSet,,,"{  ""ImageType"": null,  ""ServiceType"": null,  ""VMName"": ""myVMScaleSet_2"",  ""VMProperties"": null,  ""VCPUs"": 0,  ""UsageType"": ""DataTrOut""}",,,Bandwidth,Bandwidth - Outbound Data Transfer,EUR
f55edc34-b2f6-42f6-b100-9f68e5110bb7,SCENO-BACKUPAZUREVM,EU North,2019-04-04,Storage,Standard SSD Managed Disks,ce957933-8287-4f8b-83ee-53a5cbe056d9,Disk Operations,,0.0071,0.0016866,0.00001197486,Microsoft.Compute,Microsoft.Compute/disks,/subscriptions/f55edc34-b2f6-42f6-b100-9f68e5110bb7/resourceGroups/SCENO-BACKUPAZUREVM/providers/Microsoft.Compute/disks/restoredvm-datadisk-001-20190404-063628,"""RSVaultBackup"": ""41ba47db-efd0-433b-8533-d33b26803b4b""",,,,,Storage,Standard SSD Managed Disks,EUR
f55edc34-b2f6-42f6-b100-9f68e5110bb7,ACDMY-Costs,EU West,2019-04-05,Storage,Tables,b9e5e77c-a0b3-4a2c-9b8b-57fa54f31c52,Batch Write Operations,,0.0144,0.000303588,0.0000043716672,Microsoft.Storage,Microsoft.Storage/storageAccounts,/subscriptions/f55edc34-b2f6-42f6-b100-9f68e5110bb7/resourceGroups/ACDMY-Costs/providers/Microsoft.Storage/storageAccounts/sa4costs0149,,,,,,Storage,Tables,EUR
f55edc34-b2f6-42f6-b100-9f68e5110bb7,SCENO-BACKUPAZUREVM,EU North,2019-04-04,Bandwidth,,9995d93a-7d35-4d3f-9c69-7a7fea447ef4,Data Transfer Out,Zone 1,0.008047,0.0733671,0.0005903850537,Microsoft.Compute,Microsoft.Compute/virtualMachines,/subscriptions/f55edc34-b2f6-42f6-b100-9f68e5110bb7/resourceGroups/SCENO-BACKUPAZUREVM/providers/Microsoft.Compute/virtualMachines/BackupAzureVM,,,"{  ""ImageType"": null,  ""ServiceType"": null,  ""VMName"": null,  ""VMProperties"": null,  ""VCPUs"": 0,  ""UsageType"": ""DataTrOut""}",,,Bandwidth,Bandwidth - Outbound Data Transfer,EUR
f55edc34-b2f6-42f6-b100-9f68e5110bb7,ACDMY-VMBackup,EU West,2019-04-04,Backup,,d17674bb-cb9c-45f0-8eb4-bd325b8c2606,GRS Data Stored,,0.106155,0.0404784,0.004296984552,Microsoft.RecoveryServices,Microsoft.RecoveryServices/vaults,/subscriptions/f55edc34-b2f6-42f6-b100-9f68e5110bb7/resourceGroups/ACDMY-VMBackup/providers/Microsoft.RecoveryServices/vaults/VMOne-Vault,,,,,,Backup,Backup Storage,EUR
f55edc34-b2f6-42f6-b100-9f68e5110bb7,Sceno-BackupAzureVM,EU North,2019-04-05,Backup,,6551548b-7e61-4f51-896e-eb907d256b95,Azure VM and on-premises Server Protected Instances,,0.016128,8.433,0.136007424,Microsoft.RecoveryServices,Microsoft.RecoveryServices/vaults,/subscriptions/f55edc34-b2f6-42f6-b100-9f68e5110bb7/resourceGroups/Sceno-BackupAzureVM/providers/Microsoft.RecoveryServices/vaults/BackupAzureVM-Vault,,,,,,Backup,Backup for Azure VMs and on-premises servers,EUR
f55edc34-b2f6-42f6-b100-9f68e5110bb7,TestRG,EU North,2019-04-05,Storage,Tiered Block Blob,c3867359-7044-4ef7-9049-01ef23565e7b,Hot LRS Data Stored,EU North,0.17532,0.0185526,0.003252641832,Microsoft.Storage,Microsoft.Storage/storageAccounts,/subscriptions/f55edc34-b2f6-42f6-b100-9f68e5110bb7/resourceGroups/TestRG/providers/Microsoft.Storage/storageAccounts/bfrankfiles,,,,,,Storage,Tiered Block Blobs v2,EUR
f55edc34-b2f6-42f6-b100-9f68e5110bb7,Ex2-RG,EU North,2019-04-05,Virtual Machines,Dv2/DSv2 Series Windows,4031e931-56e8-440a-8c08-a45cef6d4314,D2 v2/DS2 v2,EU North,2.133356,0.111315599999926,0.237475803153442,Microsoft.Compute,Microsoft.Compute/virtualMachineScaleSets,/subscriptions/f55edc34-b2f6-42f6-b100-9f68e5110bb7/resourceGroups/Ex2-RG/providers/Microsoft.Compute/virtualMachineScaleSets/myVMScaleSet,,,"{  ""ImageType"": null,  ""ServiceType"": ""Standard_DS2_v2"",  ""VMName"": ""myVMScaleSet_1"",  ""VMProperties"": null,  ""VCPUs"": 2,  ""UsageType"": ""ComputeHR""}",,,Virtual Machines,Dv2/DSv2 Series Windows VM (D1-D5),EUR
f55edc34-b2f6-42f6-b100-9f68e5110bb7,ACDMY-Costs,EU West,2019-04-06,Bandwidth,,32c3ebec-1646-49e3-8127-2cafbd3a04d8,Data Transfer In,Zone 1,0.000076,0,0,Microsoft.Storage,Microsoft.Storage/storageAccounts,/subscriptions/f55edc34-b2f6-42f6-b100-9f68e5110bb7/resourceGroups/ACDMY-Costs/providers/Microsoft.Storage/storageAccounts/sa4costs0149,,,,,,Bandwidth,Bandwidth - Inbound Data Transfer,EUR
f55edc34-b2f6-42f6-b100-9f68e5110bb7,EX2-RG,EU North,2019-04-05,Storage,Premium SSD Managed Disks,e1ceded7-0fb6-4be1-993a-f82702193d4d,P10 Disks,EU North,0.001389,16.621443,0.023087184327,Microsoft.Compute,Microsoft.Compute/disks,/subscriptions/f55edc34-b2f6-42f6-b100-9f68e5110bb7/resourceGroups/EX2-RG/providers/Microsoft.Compute/disks/myVMScaleSet_myVMScaleSet_1_OsDisk_1_b2db459a9d414183aca9135e3aa9617a,,,,,,Storage,Premium SSD Managed Disks,EUR
f55edc34-b2f6-42f6-b100-9f68e5110bb7,ACDMY-Costs,EU West,2019-04-04,Storage,Tiered Block Blob,15adff7b-0dab-4c00-889d-caa6d4fb31bb,Hot LRS Write Operations,EU West,0.0011,0.0455382,0.00005009202,Microsoft.Storage,Microsoft.Storage/storageAccounts,/subscriptions/f55edc34-b2f6-42f6-b100-9f68e5110bb7/resourceGroups/ACDMY-Costs/providers/Microsoft.Storage/storageAccounts/sa4costs0149,,,,,,Storage,Tiered Block Blobs v2,EUR
f55edc34-b2f6-42f6-b100-9f68e5110bb7,TestRG,EU North,2019-04-04,Storage,Tiered Block Blob,a5ae1d7c-12ed-495a-82b5-5eef7d45c442,Hot LRS Write Operations,EU North,0.0001,0.042165,0.0000042165,Microsoft.Storage,Microsoft.Storage/storageAccounts,/subscriptions/f55edc34-b2f6-42f6-b100-9f68e5110bb7/resourceGroups/TestRG/providers/Microsoft.Storage/storageAccounts/bfrankfiles,,,,,,Storage,Tiered Block Blobs v2,EUR
f55edc34-b2f6-42f6-b100-9f68e5110bb7,ACDMY-Costs,EU West,2019-04-04,Bandwidth,,32c3ebec-1646-49e3-8127-2cafbd3a04d8,Data Transfer In,Zone 1,0.000064,0,0,Microsoft.Storage,Microsoft.Storage/storageAccounts,/subscriptions/f55edc34-b2f6-42f6-b100-9f68e5110bb7/resourceGroups/ACDMY-Costs/providers/Microsoft.Storage/storageAccounts/sa4costs0149,,,,,,Bandwidth,Bandwidth - Inbound Data Transfer,EUR
f55edc34-b2f6-42f6-b100-9f68e5110bb7,SCENO-BACKUPAZUREVM,EU North,2019-04-05,Storage,Standard SSD Managed Disks,fdaabab6-fd30-4d4d-9998-a97c0fbd2c41,E10 Disks,EU North,0.033336,8.09568,0.26987758848,Microsoft.Compute,Microsoft.Compute/disks,/subscriptions/f55edc34-b2f6-42f6-b100-9f68e5110bb7/resourceGroups/SCENO-BACKUPAZUREVM/providers/Microsoft.Compute/disks/BackupAzureVM-DataDisk,,,,,,Storage,Standard SSD Managed Disks,EUR
f55edc34-b2f6-42f6-b100-9f68e5110bb7,SCENO-BACKUPAZUREVM,EU North,2019-04-05,Storage,Standard SSD Managed Disks,fdaabab6-fd30-4d4d-9998-a97c0fbd2c41,E10 Disks,EU North,0.033336,8.09568,0.26987758848,Microsoft.Compute,Microsoft.Compute/disks,/subscriptions/f55edc34-b2f6-42f6-b100-9f68e5110bb7/resourceGroups/SCENO-BACKUPAZUREVM/providers/Microsoft.Compute/disks/BackupAzureVM-OSDisk,,,,,,Storage,Standard SSD Managed Disks,EUR
f55edc34-b2f6-42f6-b100-9f68e5110bb7,Ex2-RG,EU North,2019-04-05,Bandwidth,,32c3ebec-1646-49e3-8127-2cafbd3a04d8,Data Transfer In,Zone 1,0.115307,0,0,Microsoft.Compute,Microsoft.Compute/virtualMachineScaleSets,/subscriptions/f55edc34-b2f6-42f6-b100-9f68e5110bb7/resourceGroups/Ex2-RG/providers/Microsoft.Compute/virtualMachineScaleSets/myVMScaleSet,,,"{  ""ImageType"": null,  ""ServiceType"": null,  ""VMName"": ""myVMScaleSet_5"",  ""VMProperties"": null,  ""VCPUs"": 0,  ""UsageType"": ""DataTrIn""}",,,Bandwidth,Bandwidth - Inbound Data Transfer,EUR
f55edc34-b2f6-42f6-b100-9f68e5110bb7,Sceno-BackupAzureVM,EU North,2019-04-02,Backup,,d17674bb-cb9c-45f0-8eb4-bd325b8c2606,GRS Data Stored,,1.694862,0.0404784,0.0686053019808,Microsoft.RecoveryServices,Microsoft.RecoveryServices/vaults,/subscriptions/f55edc34-b2f6-42f6-b100-9f68e5110bb7/resourceGroups/Sceno-BackupAzureVM/providers/Microsoft.RecoveryServices/vaults/BackupAzureVM-Vault,,,,,,Backup,Backup Storage,EUR
f55edc34-b2f6-42f6-b100-9f68e5110bb7,Sceno-BackupAzureVM,EU North,2019-04-03,Backup,,d17674bb-cb9c-45f0-8eb4-bd325b8c2606,GRS Data Stored,,2.037444,0.0404784,0.0824724732096,Microsoft.RecoveryServices,Microsoft.RecoveryServices/vaults,/subscriptions/f55edc34-b2f6-42f6-b100-9f68e5110bb7/resourceGroups/Sceno-BackupAzureVM/providers/Microsoft.RecoveryServices/vaults/BackupAzureVM-Vault,,,,,,Backup,Backup Storage,EUR
f55edc34-b2f6-42f6-b100-9f68e5110bb7,SCENO-BACKUPAZUREVM,EU North,2019-04-03,Virtual Machines,Dv2/DSv2 Series Windows,4031e931-56e8-440a-8c08-a45cef6d4314,D2 v2/DS2 v2,EU North,24,0.111315599999926,2.67157439999822,Microsoft.Compute,Microsoft.Compute/virtualMachines,/subscriptions/f55edc34-b2f6-42f6-b100-9f68e5110bb7/resourceGroups/SCENO-BACKUPAZUREVM/providers/Microsoft.Compute/virtualMachines/BackupAzureVM,,,"{  ""ImageType"": null,  ""ServiceType"": ""Standard_DS2_v2"",  ""VMName"": null,  ""VMProperties"": null,  ""VCPUs"": 2,  ""UsageType"": ""ComputeHR""}",,,Virtual Machines,Dv2/DSv2 Series Windows VM (D1-D5),EUR
f55edc34-b2f6-42f6-b100-9f68e5110bb7,TestRG,EU North,2019-04-01,Storage,Tables,b9e5e77c-a0b3-4a2c-9b8b-57fa54f31c52,Batch Write Operations,,0.0146,0.000303588,0.0000044323848,Microsoft.Storage,Microsoft.Storage/storageAccounts,/subscriptions/f55edc34-b2f6-42f6-b100-9f68e5110bb7/resourceGroups/TestRG/providers/Microsoft.Storage/storageAccounts/bfrankfiles,,,,,,Storage,Tables,EUR
f55edc34-b2f6-42f6-b100-9f68e5110bb7,cloud-shell-storage-westeurope,EU West,2019-04-01,Storage,Tables,b9e5e77c-a0b3-4a2c-9b8b-57fa54f31c52,Batch Write Operations,,0.0146,0.000303588,0.0000044323848,Microsoft.Storage,Microsoft.Storage/storageAccounts,/subscriptions/f55edc34-b2f6-42f6-b100-9f68e5110bb7/resourceGroups/cloud-shell-storage-westeurope/providers/Microsoft.Storage/storageAccounts/csbf55edc34b2f6x42f6xb10,"""ms-resource-usage"": ""azure-cloud-shell""",,,,,Storage,Tables,EUR
f55edc34-b2f6-42f6-b100-9f68e5110bb7,TestRG,EU North,2019-04-02,Storage,Tiered Block Blob,c3867359-7044-4ef7-9049-01ef23565e7b,Hot LRS Data Stored,EU North,0.17532,0.0185526,0.003252641832,Microsoft.Storage,Microsoft.Storage/storageAccounts,/subscriptions/f55edc34-b2f6-42f6-b100-9f68e5110bb7/resourceGroups/TestRG/providers/Microsoft.Storage/storageAccounts/bfrankfiles,,,,,,Storage,Tiered Block Blobs v2,EUR
f55edc34-b2f6-42f6-b100-9f68e5110bb7,Sceno-BackupAzureVM,EU North,2019-04-02,Backup,,6551548b-7e61-4f51-896e-eb907d256b95,Azure VM and on-premises Server Protected Instances,,0.016128,8.433,0.136007424,Microsoft.RecoveryServices,Microsoft.RecoveryServices/vaults,/subscriptions/f55edc34-b2f6-42f6-b100-9f68e5110bb7/resourceGroups/Sceno-BackupAzureVM/providers/Microsoft.RecoveryServices/vaults/BackupAzureVM-Vault,,,,,,Backup,Backup for Azure VMs and on-premises servers,EUR
f55edc34-b2f6-42f6-b100-9f68e5110bb7,ACDMY-AAutomation,EU West,2019-04-04,Automation,Process,95eca2c1-9519-4c55-baa1-9a0e0b201e25,Basic Runtime,,0.166666666666667,0.0016866,0.0002811,Microsoft.Automation,Microsoft.Automation/automationAccounts,/subscriptions/f55edc34-b2f6-42f6-b100-9f68e5110bb7/resourceGroups/ACDMY-AAutomation/providers/Microsoft.Automation/automationAccounts/myAutomationAccount,,,,,,Automation,Process,EUR
f55edc34-b2f6-42f6-b100-9f68e5110bb7,SCENO-BACKUPAZUREVM,EU North,2019-04-04,Storage,Standard SSD Managed Disks,fdaabab6-fd30-4d4d-9998-a97c0fbd2c41,E10 Disks,EU North,0.008334,8.09568,0.06746939712,Microsoft.Compute,Microsoft.Compute/disks,/subscriptions/f55edc34-b2f6-42f6-b100-9f68e5110bb7/resourceGroups/SCENO-BACKUPAZUREVM/providers/Microsoft.Compute/disks/restoredvm-datadisk-001-20190404-063628,"""RSVaultBackup"": ""41ba47db-efd0-433b-8533-d33b26803b4b""",,,,,Storage,Standard SSD Managed Disks,EUR
f55edc34-b2f6-42f6-b100-9f68e5110bb7,Ex2-RG,EU North,2019-04-05,Storage,Tiered Block Blob,a5ae1d7c-12ed-495a-82b5-5eef7d45c442,Hot LRS Write Operations,EU North,0.0001,0.042165,0.0000042165,Microsoft.Storage,Microsoft.Storage/storageAccounts,/subscriptions/f55edc34-b2f6-42f6-b100-9f68e5110bb7/resourceGroups/Ex2-RG/providers/Microsoft.Storage/storageAccounts/dscmetasa223608017,,,,,,Storage,Tiered Block Blobs v2,EUR
f55edc34-b2f6-42f6-b100-9f68e5110bb7,SCENO-BACKUPAZUREVM,EU North,2019-04-06,Bandwidth,,32c3ebec-1646-49e3-8127-2cafbd3a04d8,Data Transfer In,Zone 1,0.031475,0,0,Microsoft.Compute,Microsoft.Compute/virtualMachines,/subscriptions/f55edc34-b2f6-42f6-b100-9f68e5110bb7/resourceGroups/SCENO-BACKUPAZUREVM/providers/Microsoft.Compute/virtualMachines/BackupAzureVM,,,"{  ""ImageType"": null,  ""ServiceType"": null,  ""VMName"": null,  ""VMProperties"": null,  ""VCPUs"": 0,  ""UsageType"": ""DataTrIn""}",,,Bandwidth,Bandwidth - Inbound Data Transfer,EUR
f55edc34-b2f6-42f6-b100-9f68e5110bb7,cloud-shell-storage-westeurope,EU West,2019-04-06,Storage,Tables,b9e5e77c-a0b3-4a2c-9b8b-57fa54f31c52,Batch Write Operations,,0.0136,0.000303588,0.0000041287968,Microsoft.Storage,Microsoft.Storage/storageAccounts,/subscriptions/f55edc34-b2f6-42f6-b100-9f68e5110bb7/resourceGroups/cloud-shell-storage-westeurope/providers/Microsoft.Storage/storageAccounts/csbf55edc34b2f6x42f6xb10,"""ms-resource-usage"": ""azure-cloud-shell""",,,,,Storage,Tables,EUR
f55edc34-b2f6-42f6-b100-9f68e5110bb7,SCENO-BACKUPAZUREVM,EU North,2019-04-05,Storage,Standard SSD Managed Disks,eb1e1a6a-58d5-491e-8fcf-83cb555a3dee,LRS Snapshots,EU North,0.032212,0.1113156,0.0035856981072,Microsoft.Compute,Microsoft.Compute/disks,/subscriptions/f55edc34-b2f6-42f6-b100-9f68e5110bb7/resourceGroups/SCENO-BACKUPAZUREVM/providers/Microsoft.Compute/disks/BackupAzureVM-OSDisk,,,,,,Storage,Standard SSD Managed Disks,EUR
f55edc34-b2f6-42f6-b100-9f68e5110bb7,defaultresourcegroup-weu,EU West,2019-04-04,Security Center,,4f8f8a7e-8635-46df-b708-177c3c2a8591,Standard Trial Node,,31,0,0,microsoft.operationalinsights,microsoft.operationalinsights/workspaces,/subscriptions/f55edc34-b2f6-42f6-b100-9f68e5110bb7/resourcegroups/defaultresourcegroup-weu/providers/microsoft.operationalinsights/workspaces/defaultworkspace-f55edc34-b2f6-42f6-b100-9f68e5110bb7-weu,,,,,,Security Center,Security Center,EUR
f55edc34-b2f6-42f6-b100-9f68e5110bb7,SCENO-BACKUPAZUREVM,EU North,2019-04-06,Storage,Standard SSD Managed Disks,ce957933-8287-4f8b-83ee-53a5cbe056d9,Disk Operations,,3.6849,0.0016866,0.00621495234,Microsoft.Compute,Microsoft.Compute/disks,/subscriptions/f55edc34-b2f6-42f6-b100-9f68e5110bb7/resourceGroups/SCENO-BACKUPAZUREVM/providers/Microsoft.Compute/disks/BackupAzureVM-DataDisk,,,,,,Storage,Standard SSD Managed Disks,EUR
f55edc34-b2f6-42f6-b100-9f68e5110bb7,SCENO-BACKUPAZUREVM,EU North,2019-04-06,Storage,Standard SSD Managed Disks,fdaabab6-fd30-4d4d-9998-a97c0fbd2c41,E10 Disks,EU North,0.02778,8.09568,0.2248979904,Microsoft.Compute,Microsoft.Compute/disks,/subscriptions/f55edc34-b2f6-42f6-b100-9f68e5110bb7/resourceGroups/SCENO-BACKUPAZUREVM/providers/Microsoft.Compute/disks/BackupAzureVM-DataDisk,,,,,,Storage,Standard SSD Managed Disks,EUR
f55edc34-b2f6-42f6-b100-9f68e5110bb7,Ex2-RG,EU North,2019-04-05,Bandwidth,,9995d93a-7d35-4d3f-9c69-7a7fea447ef4,Data Transfer Out,Zone 1,0.000004,0.0733671,0.000000293468400000000000000,Microsoft.Compute,Microsoft.Compute/virtualMachineScaleSets,/subscriptions/f55edc34-b2f6-42f6-b100-9f68e5110bb7/resourceGroups/Ex2-RG/providers/Microsoft.Compute/virtualMachineScaleSets/myVMScaleSet,,,"{  ""ImageType"": null,  ""ServiceType"": null,  ""VMName"": ""myVMScaleSet_3"",  ""VMProperties"": null,  ""VCPUs"": 0,  ""UsageType"": ""DataTrOut""}",,,Bandwidth,Bandwidth - Outbound Data Transfer,EUR
f55edc34-b2f6-42f6-b100-9f68e5110bb7,SCENO-BACKUPAZUREVM,EU North,2019-04-05,Bandwidth,,32c3ebec-1646-49e3-8127-2cafbd3a04d8,Data Transfer In,Zone 1,0.024375,0,0,Microsoft.Compute,Microsoft.Compute/virtualMachines,/subscriptions/f55edc34-b2f6-42f6-b100-9f68e5110bb7/resourceGroups/SCENO-BACKUPAZUREVM/providers/Microsoft.Compute/virtualMachines/BackupAzureVM,,,"{  ""ImageType"": null,  ""ServiceType"": null,  ""VMName"": null,  ""VMProperties"": null,  ""VCPUs"": 0,  ""UsageType"": ""DataTrIn""}",,,Bandwidth,Bandwidth - Inbound Data Transfer,EUR
f55edc34-b2f6-42f6-b100-9f68e5110bb7,Ex2-RG,EU North,2019-04-05,Bandwidth,,32c3ebec-1646-49e3-8127-2cafbd3a04d8,Data Transfer In,Zone 1,0.000002,0,0,Microsoft.Storage,Microsoft.Storage/storageAccounts,/subscriptions/f55edc34-b2f6-42f6-b100-9f68e5110bb7/resourceGroups/Ex2-RG/providers/Microsoft.Storage/storageAccounts/dscmetasa223608017,,,,,,Bandwidth,Bandwidth - Inbound Data Transfer,EUR
f55edc34-b2f6-42f6-b100-9f68e5110bb7,Ex2-RG,EU North,2019-04-05,Storage,Blob Storage,a12520d4-4bdb-4561-9e8a-a5d9fda5b5c7,Cool LRS Data Write,EU North,0.000002,0.00210825,0.0000000042165000000000000000000,Microsoft.Storage,Microsoft.Storage/storageAccounts,/subscriptions/f55edc34-b2f6-42f6-b100-9f68e5110bb7/resourceGroups/Ex2-RG/providers/Microsoft.Storage/storageAccounts/dscmetasa223608017,,,,,,Storage,Tiered Block Blobs v2,EUR
f55edc34-b2f6-42f6-b100-9f68e5110bb7,SCENO-BACKUPAZUREVM,EU North,2019-04-03,Storage,Standard SSD Managed Disks,eb1e1a6a-58d5-491e-8fcf-83cb555a3dee,LRS Snapshots,EU North,0.888744,0.1113156,0.0989310716064,Microsoft.Compute,Microsoft.Compute/disks,/subscriptions/f55edc34-b2f6-42f6-b100-9f68e5110bb7/resourceGroups/SCENO-BACKUPAZUREVM/providers/Microsoft.Compute/disks/BackupAzureVM-DataDisk,,,,,,Storage,Standard SSD Managed Disks,EUR
f55edc34-b2f6-42f6-b100-9f68e5110bb7,cloud-shell-storage-westeurope,EU West,2019-04-03,Storage,Tables,3f2b1e1c-c886-4ec6-ad6f-dd0ef38819c9,LRS Data Stored,,0.000072,0.059031,0.000004250232,Microsoft.Storage,Microsoft.Storage/storageAccounts,/subscriptions/f55edc34-b2f6-42f6-b100-9f68e5110bb7/resourceGroups/cloud-shell-storage-westeurope/providers/Microsoft.Storage/storageAccounts/csbf55edc34b2f6x42f6xb10,"""ms-resource-usage"": ""azure-cloud-shell""",,,,,Storage,Tables,EUR
f55edc34-b2f6-42f6-b100-9f68e5110bb7,TestRG,EU North,2019-04-01,Storage,Tables,3f2b1e1c-c886-4ec6-ad6f-dd0ef38819c9,LRS Data Stored,,0.000072,0.059031,0.000004250232,Microsoft.Storage,Microsoft.Storage/storageAccounts,/subscriptions/f55edc34-b2f6-42f6-b100-9f68e5110bb7/resourceGroups/TestRG/providers/Microsoft.Storage/storageAccounts/bfrankfiles,,,,,,Storage,Tables,EUR
f55edc34-b2f6-42f6-b100-9f68e5110bb7,SCENO-BACKUPAZUREVM,EU North,2019-04-01,Storage,Standard SSD Managed Disks,eb1e1a6a-58d5-491e-8fcf-83cb555a3dee,LRS Snapshots,EU North,0.02757,0.1113156,0.003068971092,Microsoft.Compute,Microsoft.Compute/disks,/subscriptions/f55edc34-b2f6-42f6-b100-9f68e5110bb7/resourceGroups/SCENO-BACKUPAZUREVM/providers/Microsoft.Compute/disks/BackupAzureVM-OSDisk,,,,,,Storage,Standard SSD Managed Disks,EUR
f55edc34-b2f6-42f6-b100-9f68e5110bb7,SCENO-BACKUPAZUREVM,EU North,2019-04-02,Bandwidth,,9995d93a-7d35-4d3f-9c69-7a7fea447ef4,Data Transfer Out,Zone 1,0.01736,0.0733671,0.001273652856,Microsoft.Compute,Microsoft.Compute/virtualMachines,/subscriptions/f55edc34-b2f6-42f6-b100-9f68e5110bb7/resourceGroups/SCENO-BACKUPAZUREVM/providers/Microsoft.Compute/virtualMachines/BackupAzureVM,,,"{  ""ImageType"": null,  ""ServiceType"": null,  ""VMName"": null,  ""VMProperties"": null,  ""VCPUs"": 0,  ""UsageType"": ""DataTrOut""}",,,Bandwidth,Bandwidth - Outbound Data Transfer,EUR
f55edc34-b2f6-42f6-b100-9f68e5110bb7,SCENO-BACKUPAZUREVM,EU North,2019-04-02,Storage,Standard SSD Managed Disks,fdaabab6-fd30-4d4d-9998-a97c0fbd2c41,E10 Disks,EU North,0.033336,8.09568,0.26987758848,Microsoft.Compute,Microsoft.Compute/disks,/subscriptions/f55edc34-b2f6-42f6-b100-9f68e5110bb7/resourceGroups/SCENO-BACKUPAZUREVM/providers/Microsoft.Compute/disks/BackupAzureVM-OSDisk,,,,,,Storage,Standard SSD Managed Disks,EUR
f55edc34-b2f6-42f6-b100-9f68e5110bb7,TestRG,EU North,2019-04-01,Storage,Tiered Block Blob,c3867359-7044-4ef7-9049-01ef23565e7b,Hot LRS Data Stored,EU North,0.17532,0.0185526,0.003252641832,Microsoft.Storage,Microsoft.Storage/storageAccounts,/subscriptions/f55edc34-b2f6-42f6-b100-9f68e5110bb7/resourceGroups/TestRG/providers/Microsoft.Storage/storageAccounts/bfrankfiles,,,,,,Storage,Tiered Block Blobs v2,EUR
f55edc34-b2f6-42f6-b100-9f68e5110bb7,dnsrg,Unknown,2019-04-01,Azure DNS,,8f967c58-b144-4bd7-8882-8bf02767c839,Public Zones,,0.032258064516129,0.42165,0.013601612903226,Microsoft.Network,Microsoft.Network/dnszones,/subscriptions/f55edc34-b2f6-42f6-b100-9f68e5110bb7/resourceGroups/dnsrg/providers/Microsoft.Network/dnszones/contoso.azure,,,,,,Azure DNS,Public DNS,EUR
f55edc34-b2f6-42f6-b100-9f68e5110bb7,SCENO-BACKUPAZUREVM,EU North,2019-04-02,Virtual Machines,Dv2/DSv2 Series Windows,4031e931-56e8-440a-8c08-a45cef6d4314,D2 v2/DS2 v2,EU North,24,0.111315599999926,2.67157439999822,Microsoft.Compute,Microsoft.Compute/virtualMachines,/subscriptions/f55edc34-b2f6-42f6-b100-9f68e5110bb7/resourceGroups/SCENO-BACKUPAZUREVM/providers/Microsoft.Compute/virtualMachines/BackupAzureVM,,,"{  ""ImageType"": null,  ""ServiceType"": ""Standard_DS2_v2"",  ""VMName"": null,  ""VMProperties"": null,  ""VCPUs"": 2,  ""UsageType"": ""ComputeHR""}",,,Virtual Machines,Dv2/DSv2 Series Windows VM (D1-D5),EUR
f55edc34-b2f6-42f6-b100-9f68e5110bb7,dnsrg,Unknown,2019-04-02,Azure DNS,,8f967c58-b144-4bd7-8882-8bf02767c839,Public Zones,,0.032258064516129,0.42165,0.013601612903226,Microsoft.Network,Microsoft.Network/dnszones,/subscriptions/f55edc34-b2f6-42f6-b100-9f68e5110bb7/resourceGroups/dnsrg/providers/Microsoft.Network/dnszones/contoso.azure,,,,,,Azure DNS,Public DNS,EUR
f55edc34-b2f6-42f6-b100-9f68e5110bb7,defaultresourcegroup-weu,EU West,2019-04-03,Insight and Analytics,,6a11eb4c-01de-4438-88e0-e95b41869197,Data Included per Node,,0.000233681544349,0,0,microsoft.operationalinsights,microsoft.operationalinsights/workspaces,/subscriptions/f55edc34-b2f6-42f6-b100-9f68e5110bb7/resourcegroups/defaultresourcegroup-weu/providers/microsoft.operationalinsights/workspaces/defaultworkspace-f55edc34-b2f6-42f6-b100-9f68e5110bb7-weu,,,,,,Insight and Analytics,OMS - Insight and Security Data,EUR
f55edc34-b2f6-42f6-b100-9f68e5110bb7,SCENO-BACKUPAZUREVM,EU North,2019-04-02,Storage,Standard SSD Managed Disks,ce957933-8287-4f8b-83ee-53a5cbe056d9,Disk Operations,,20.7126,0.0016866,0.03493387116,Microsoft.Compute,Microsoft.Compute/disks,/subscriptions/f55edc34-b2f6-42f6-b100-9f68e5110bb7/resourceGroups/SCENO-BACKUPAZUREVM/providers/Microsoft.Compute/disks/BackupAzureVM-OSDisk,,,,,,Storage,Standard SSD Managed Disks,EUR
f55edc34-b2f6-42f6-b100-9f68e5110bb7,SCENO-BACKUPAZUREVM,EU North,2019-04-02,Storage,Standard SSD Managed Disks,eb1e1a6a-58d5-491e-8fcf-83cb555a3dee,LRS Snapshots,EU North,0.026268,0.1113156,0.0029240381808,Microsoft.Compute,Microsoft.Compute/disks,/subscriptions/f55edc34-b2f6-42f6-b100-9f68e5110bb7/resourceGroups/SCENO-BACKUPAZUREVM/providers/Microsoft.Compute/disks/BackupAzureVM-OSDisk,,,,,,Storage,Standard SSD Managed Disks,EUR
f55edc34-b2f6-42f6-b100-9f68e5110bb7,SCENO-BACKUPAZUREVM,EU North,2019-04-01,Storage,Standard SSD Managed Disks,fdaabab6-fd30-4d4d-9998-a97c0fbd2c41,E10 Disks,EU North,0.033336,8.09568,0.26987758848,Microsoft.Compute,Microsoft.Compute/disks,/subscriptions/f55edc34-b2f6-42f6-b100-9f68e5110bb7/resourceGroups/SCENO-BACKUPAZUREVM/providers/Microsoft.Compute/disks/BackupAzureVM-OSDisk,,,,,,Storage,Standard SSD Managed Disks,EUR
f55edc34-b2f6-42f6-b100-9f68e5110bb7,SCENO-BACKUPAZUREVM,EU North,2019-04-01,Virtual Machines,Dv2/DSv2 Series Windows,4031e931-56e8-440a-8c08-a45cef6d4314,D2 v2/DS2 v2,EU North,24,0.111315599999926,2.67157439999822,Microsoft.Compute,Microsoft.Compute/virtualMachines,/subscriptions/f55edc34-b2f6-42f6-b100-9f68e5110bb7/resourceGroups/SCENO-BACKUPAZUREVM/providers/Microsoft.Compute/virtualMachines/BackupAzureVM,,,"{  ""ImageType"": null,  ""ServiceType"": ""Standard_DS2_v2"",  ""VMName"": null,  ""VMProperties"": null,  ""VCPUs"": 2,  ""UsageType"": ""ComputeHR""}",,,Virtual Machines,Dv2/DSv2 Series Windows VM (D1-D5),EUR
f55edc34-b2f6-42f6-b100-9f68e5110bb7,ACDMY-VMBackup,EU West,2019-04-01,Backup,,6551548b-7e61-4f51-896e-eb907d256b95,Azure VM and on-premises Server Protected Instances,,0.016128,8.433,0.136007424,Microsoft.RecoveryServices,Microsoft.RecoveryServices/vaults,/subscriptions/f55edc34-b2f6-42f6-b100-9f68e5110bb7/resourceGroups/ACDMY-VMBackup/providers/Microsoft.RecoveryServices/vaults/VMOne-Vault,,,,,,Backup,Backup for Azure VMs and on-premises servers,EUR
f55edc34-b2f6-42f6-b100-9f68e5110bb7,ACDMY-VMBackup,EU West,2019-04-01,Backup,,d17674bb-cb9c-45f0-8eb4-bd325b8c2606,GRS Data Stored,,0.36396,0.0404784,0.014732518464,Microsoft.RecoveryServices,Microsoft.RecoveryServices/vaults,/subscriptions/f55edc34-b2f6-42f6-b100-9f68e5110bb7/resourceGroups/ACDMY-VMBackup/providers/Microsoft.RecoveryServices/vaults/VMOne-Vault,,,,,,Backup,Backup Storage,EUR
f55edc34-b2f6-42f6-b100-9f68e5110bb7,SCENO-BACKUPAZUREVM,EU North,2019-04-03,Storage,Standard SSD Managed Disks,fdaabab6-fd30-4d4d-9998-a97c0fbd2c41,E10 Disks,EU North,0.033336,8.09568,0.26987758848,Microsoft.Compute,Microsoft.Compute/disks,/subscriptions/f55edc34-b2f6-42f6-b100-9f68e5110bb7/resourceGroups/SCENO-BACKUPAZUREVM/providers/Microsoft.Compute/disks/BackupAzureVM-DataDisk,,,,,,Storage,Standard SSD Managed Disks,EUR
f55edc34-b2f6-42f6-b100-9f68e5110bb7,SCENO-BACKUPAZUREVM,EU North,2019-04-03,Bandwidth,,9995d93a-7d35-4d3f-9c69-7a7fea447ef4,Data Transfer Out,Zone 1,0.007967,0.0733671,0.0005845156857,Microsoft.Compute,Microsoft.Compute/virtualMachines,/subscriptions/f55edc34-b2f6-42f6-b100-9f68e5110bb7/resourceGroups/SCENO-BACKUPAZUREVM/providers/Microsoft.Compute/virtualMachines/BackupAzureVM,,,"{  ""ImageType"": null,  ""ServiceType"": null,  ""VMName"": null,  ""VMProperties"": null,  ""VCPUs"": 0,  ""UsageType"": ""DataTrOut""}",,,Bandwidth,Bandwidth - Outbound Data Transfer,EUR
f55edc34-b2f6-42f6-b100-9f68e5110bb7,dnsrg,Unknown,2019-04-03,Azure DNS,,8f967c58-b144-4bd7-8882-8bf02767c839,Public Zones,,0.032258064516129,0.42165,0.013601612903226,Microsoft.Network,Microsoft.Network/dnszones,/subscriptions/f55edc34-b2f6-42f6-b100-9f68e5110bb7/resourceGroups/dnsrg/providers/Microsoft.Network/dnszones/contoso.azure,,,,,,Azure DNS,Public DNS,EUR
f55edc34-b2f6-42f6-b100-9f68e5110bb7,Sceno-BackupAzureVM,EU North,2019-04-01,Backup,,6551548b-7e61-4f51-896e-eb907d256b95,Azure VM and on-premises Server Protected Instances,,0.016128,8.433,0.136007424,Microsoft.RecoveryServices,Microsoft.RecoveryServices/vaults,/subscriptions/f55edc34-b2f6-42f6-b100-9f68e5110bb7/resourceGroups/Sceno-BackupAzureVM/providers/Microsoft.RecoveryServices/vaults/BackupAzureVM-Vault,,,,,,Backup,Backup for Azure VMs and on-premises servers,EUR
f55edc34-b2f6-42f6-b100-9f68e5110bb7,SCENO-BACKUPAZUREVM,EU North,2019-04-03,Bandwidth,,32c3ebec-1646-49e3-8127-2cafbd3a04d8,Data Transfer In,Zone 1,0.004702,0,0,Microsoft.Compute,Microsoft.Compute/virtualMachines,/subscriptions/f55edc34-b2f6-42f6-b100-9f68e5110bb7/resourceGroups/SCENO-BACKUPAZUREVM/providers/Microsoft.Compute/virtualMachines/BackupAzureVM,,,"{  ""ImageType"": null,  ""ServiceType"": null,  ""VMName"": null,  ""VMProperties"": null,  ""VCPUs"": 0,  ""UsageType"": ""DataTrIn""}",,,Bandwidth,Bandwidth - Inbound Data Transfer,EUR
f55edc34-b2f6-42f6-b100-9f68e5110bb7,defaultresourcegroup-weu,EU West,2019-04-03,Security Center,,4f8f8a7e-8635-46df-b708-177c3c2a8591,Standard Trial Node,,24,0,0,microsoft.operationalinsights,microsoft.operationalinsights/workspaces,/subscriptions/f55edc34-b2f6-42f6-b100-9f68e5110bb7/resourcegroups/defaultresourcegroup-weu/providers/microsoft.operationalinsights/workspaces/defaultworkspace-f55edc34-b2f6-42f6-b100-9f68e5110bb7-weu,,,,,,Security Center,Security Center,EUR
f55edc34-b2f6-42f6-b100-9f68e5110bb7,cloud-shell-storage-westeurope,EU West,2019-04-06,Storage,Files,ed8a651a-e0a3-4de6-a8ae-3b4ce8cb72cf,LRS Data Stored,,0.13888,0.050598,0.00702705024,Microsoft.Storage,Microsoft.Storage/storageAccounts,/subscriptions/f55edc34-b2f6-42f6-b100-9f68e5110bb7/resourceGroups/cloud-shell-storage-westeurope/providers/Microsoft.Storage/storageAccounts/csbf55edc34b2f6x42f6xb10,"""ms-resource-usage"": ""azure-cloud-shell""",,,,,Storage,Files,EUR
f55edc34-b2f6-42f6-b100-9f68e5110bb7,Sceno-BackupAzureVM,EU North,2019-04-06,Backup,,6551548b-7e61-4f51-896e-eb907d256b95,Azure VM and on-premises Server Protected Instances,,0.014112,8.433,0.119006496,Microsoft.RecoveryServices,Microsoft.RecoveryServices/vaults,/subscriptions/f55edc34-b2f6-42f6-b100-9f68e5110bb7/resourceGroups/Sceno-BackupAzureVM/providers/Microsoft.RecoveryServices/vaults/BackupAzureVM-Vault,,,,,,Backup,Backup for Azure VMs and on-premises servers,EUR
f55edc34-b2f6-42f6-b100-9f68e5110bb7,cloud-shell-storage-westeurope,EU West,2019-04-02,Storage,Tables,b9e5e77c-a0b3-4a2c-9b8b-57fa54f31c52,Batch Write Operations,,0.0146,0.000303588,0.0000044323848,Microsoft.Storage,Microsoft.Storage/storageAccounts,/subscriptions/f55edc34-b2f6-42f6-b100-9f68e5110bb7/resourceGroups/cloud-shell-storage-westeurope/providers/Microsoft.Storage/storageAccounts/csbf55edc34b2f6x42f6xb10,"""ms-resource-usage"": ""azure-cloud-shell""",,,,,Storage,Tables,EUR
f55edc34-b2f6-42f6-b100-9f68e5110bb7,defaultresourcegroup-weu,EU West,2019-04-01,Security Center,,4f8f8a7e-8635-46df-b708-177c3c2a8591,Standard Trial Node,,24,0,0,microsoft.operationalinsights,microsoft.operationalinsights/workspaces,/subscriptions/f55edc34-b2f6-42f6-b100-9f68e5110bb7/resourcegroups/defaultresourcegroup-weu/providers/microsoft.operationalinsights/workspaces/defaultworkspace-f55edc34-b2f6-42f6-b100-9f68e5110bb7-weu,,,,,,Security Center,Security Center,EUR
f55edc34-b2f6-42f6-b100-9f68e5110bb7,SCENO-BACKUPAZUREVM,EU North,2019-04-02,Storage,Standard SSD Managed Disks,ce957933-8287-4f8b-83ee-53a5cbe056d9,Disk Operations,,4.0602,0.0016866,0.00684793332,Microsoft.Compute,Microsoft.Compute/disks,/subscriptions/f55edc34-b2f6-42f6-b100-9f68e5110bb7/resourceGroups/SCENO-BACKUPAZUREVM/providers/Microsoft.Compute/disks/BackupAzureVM-DataDisk,,,,,,Storage,Standard SSD Managed Disks,EUR
f55edc34-b2f6-42f6-b100-9f68e5110bb7,TestRG,EU North,2019-04-02,Storage,Tables,b9e5e77c-a0b3-4a2c-9b8b-57fa54f31c52,Batch Write Operations,,0.0152,0.000303588,0.0000046145376,Microsoft.Storage,Microsoft.Storage/storageAccounts,/subscriptions/f55edc34-b2f6-42f6-b100-9f68e5110bb7/resourceGroups/TestRG/providers/Microsoft.Storage/storageAccounts/bfrankfiles,,,,,,Storage,Tables,EUR
f55edc34-b2f6-42f6-b100-9f68e5110bb7,ACDMY-VMBackup,EU West,2019-04-03,Backup,,d17674bb-cb9c-45f0-8eb4-bd325b8c2606,GRS Data Stored,,0.36396,0.0404784,0.014732518464,Microsoft.RecoveryServices,Microsoft.RecoveryServices/vaults,/subscriptions/f55edc34-b2f6-42f6-b100-9f68e5110bb7/resourceGroups/ACDMY-VMBackup/providers/Microsoft.RecoveryServices/vaults/VMOne-Vault,,,,,,Backup,Backup Storage,EUR
f55edc34-b2f6-42f6-b100-9f68e5110bb7,SCENO-BACKUPAZUREVM,EU North,2019-04-01,Storage,Standard SSD Managed Disks,fdaabab6-fd30-4d4d-9998-a97c0fbd2c41,E10 Disks,EU North,0.033336,8.09568,0.26987758848,Microsoft.Compute,Microsoft.Compute/disks,/subscriptions/f55edc34-b2f6-42f6-b100-9f68e5110bb7/resourceGroups/SCENO-BACKUPAZUREVM/providers/Microsoft.Compute/disks/BackupAzureVM-DataDisk,,,,,,Storage,Standard SSD Managed Disks,EUR
f55edc34-b2f6-42f6-b100-9f68e5110bb7,ACDMY-VMBackup,EU West,2019-04-02,Backup,,6551548b-7e61-4f51-896e-eb907d256b95,Azure VM and on-premises Server Protected Instances,,0.016128,8.433,0.136007424,Microsoft.RecoveryServices,Microsoft.RecoveryServices/vaults,/subscriptions/f55edc34-b2f6-42f6-b100-9f68e5110bb7/resourceGroups/ACDMY-VMBackup/providers/Microsoft.RecoveryServices/vaults/VMOne-Vault,,,,,,Backup,Backup for Azure VMs and on-premises servers,EUR
f55edc34-b2f6-42f6-b100-9f68e5110bb7,SCENO-BACKUPAZUREVM,EU North,2019-04-06,Storage,Standard SSD Managed Disks,eb1e1a6a-58d5-491e-8fcf-83cb555a3dee,LRS Snapshots,EU North,0.02999,0.1113156,0.003338354844,Microsoft.Compute,Microsoft.Compute/disks,/subscriptions/f55edc34-b2f6-42f6-b100-9f68e5110bb7/resourceGroups/SCENO-BACKUPAZUREVM/providers/Microsoft.Compute/disks/BackupAzureVM-OSDisk,,,,,,Storage,Standard SSD Managed Disks,EUR
f55edc34-b2f6-42f6-b100-9f68e5110bb7,TestRG,EU North,2019-04-04,Storage,Tiered Block Blob,c3867359-7044-4ef7-9049-01ef23565e7b,Hot LRS Data Stored,EU North,0.17532,0.0185526,0.003252641832,Microsoft.Storage,Microsoft.Storage/storageAccounts,/subscriptions/f55edc34-b2f6-42f6-b100-9f68e5110bb7/resourceGroups/TestRG/providers/Microsoft.Storage/storageAccounts/bfrankfiles,,,,,,Storage,Tiered Block Blobs v2,EUR
f55edc34-b2f6-42f6-b100-9f68e5110bb7,SCENO-BACKUPAZUREVM,EU North,2019-04-02,Storage,Standard SSD Managed Disks,fdaabab6-fd30-4d4d-9998-a97c0fbd2c41,E10 Disks,EU North,0.033336,8.09568,0.26987758848,Microsoft.Compute,Microsoft.Compute/disks,/subscriptions/f55edc34-b2f6-42f6-b100-9f68e5110bb7/resourceGroups/SCENO-BACKUPAZUREVM/providers/Microsoft.Compute/disks/BackupAzureVM-DataDisk,,,,,,Storage,Standard SSD Managed Disks,EUR
f55edc34-b2f6-42f6-b100-9f68e5110bb7,ACDMY-AAutomation,EU West,2019-04-02,Automation,Process,95eca2c1-9519-4c55-baa1-9a0e0b201e25,Basic Runtime,,0.166666666666667,0.0016866,0.0002811,Microsoft.Automation,Microsoft.Automation/automationAccounts,/subscriptions/f55edc34-b2f6-42f6-b100-9f68e5110bb7/resourceGroups/ACDMY-AAutomation/providers/Microsoft.Automation/automationAccounts/myAutomationAccount,,,,,,Automation,Process,EUR
f55edc34-b2f6-42f6-b100-9f68e5110bb7,ACDMY-VMBackup,EU West,2019-04-03,Backup,,6551548b-7e61-4f51-896e-eb907d256b95,Azure VM and on-premises Server Protected Instances,,0.016128,8.433,0.136007424,Microsoft.RecoveryServices,Microsoft.RecoveryServices/vaults,/subscriptions/f55edc34-b2f6-42f6-b100-9f68e5110bb7/resourceGroups/ACDMY-VMBackup/providers/Microsoft.RecoveryServices/vaults/VMOne-Vault,,,,,,Backup,Backup for Azure VMs and on-premises servers,EUR
f55edc34-b2f6-42f6-b100-9f68e5110bb7,TestRG,EU North,2019-04-03,Storage,Tables,3f2b1e1c-c886-4ec6-ad6f-dd0ef38819c9,LRS Data Stored,,0.000072,0.059031,0.000004250232,Microsoft.Storage,Microsoft.Storage/storageAccounts,/subscriptions/f55edc34-b2f6-42f6-b100-9f68e5110bb7/resourceGroups/TestRG/providers/Microsoft.Storage/storageAccounts/bfrankfiles,,,,,,Storage,Tables,EUR
f55edc34-b2f6-42f6-b100-9f68e5110bb7,TestRG,EU North,2019-04-06,Storage,Tables,b9e5e77c-a0b3-4a2c-9b8b-57fa54f31c52,Batch Write Operations,,0.0122,0.000303588,0.0000037037736,Microsoft.Storage,Microsoft.Storage/storageAccounts,/subscriptions/f55edc34-b2f6-42f6-b100-9f68e5110bb7/resourceGroups/TestRG/providers/Microsoft.Storage/storageAccounts/bfrankfiles,,,,,,Storage,Tables,EUR
f55edc34-b2f6-42f6-b100-9f68e5110bb7,defaultresourcegroup-weu,EU West,2019-04-06,Security Center,,4f8f8a7e-8635-46df-b708-177c3c2a8591,Standard Trial Node,,19,0,0,microsoft.operationalinsights,microsoft.operationalinsights/workspaces,/subscriptions/f55edc34-b2f6-42f6-b100-9f68e5110bb7/resourcegroups/defaultresourcegroup-weu/providers/microsoft.operationalinsights/workspaces/defaultworkspace-f55edc34-b2f6-42f6-b100-9f68e5110bb7-weu,,,,,,Security Center,Security Center,EUR
f55edc34-b2f6-42f6-b100-9f68e5110bb7,ACDMY-VMBackup,EU West,2019-04-02,Backup,,d17674bb-cb9c-45f0-8eb4-bd325b8c2606,GRS Data Stored,,0.36396,0.0404784,0.014732518464,Microsoft.RecoveryServices,Microsoft.RecoveryServices/vaults,/subscriptions/f55edc34-b2f6-42f6-b100-9f68e5110bb7/resourceGroups/ACDMY-VMBackup/providers/Microsoft.RecoveryServices/vaults/VMOne-Vault,,,,,,Backup,Backup Storage,EUR
f55edc34-b2f6-42f6-b100-9f68e5110bb7,defaultresourcegroup-weu,EU West,2019-04-02,Insight and Analytics,,6a11eb4c-01de-4438-88e0-e95b41869197,Data Included per Node,,0.000243749334857,0,0,microsoft.operationalinsights,microsoft.operationalinsights/workspaces,/subscriptions/f55edc34-b2f6-42f6-b100-9f68e5110bb7/resourcegroups/defaultresourcegroup-weu/providers/microsoft.operationalinsights/workspaces/defaultworkspace-f55edc34-b2f6-42f6-b100-9f68e5110bb7-weu,,,,,,Insight and Analytics,OMS - Insight and Security Data,EUR
f55edc34-b2f6-42f6-b100-9f68e5110bb7,cloud-shell-storage-westeurope,EU West,2019-04-02,Storage,Tables,3f2b1e1c-c886-4ec6-ad6f-dd0ef38819c9,LRS Data Stored,,0.000072,0.059031,0.000004250232,Microsoft.Storage,Microsoft.Storage/storageAccounts,/subscriptions/f55edc34-b2f6-42f6-b100-9f68e5110bb7/resourceGroups/cloud-shell-storage-westeurope/providers/Microsoft.Storage/storageAccounts/csbf55edc34b2f6x42f6xb10,"""ms-resource-usage"": ""azure-cloud-shell""",,,,,Storage,Tables,EUR
f55edc34-b2f6-42f6-b100-9f68e5110bb7,SCENO-BACKUPAZUREVM,EU North,2019-04-01,Bandwidth,,9995d93a-7d35-4d3f-9c69-7a7fea447ef4,Data Transfer Out,Zone 1,0.008066,0.0733671,0.0005917790286,Microsoft.Compute,Microsoft.Compute/virtualMachines,/subscriptions/f55edc34-b2f6-42f6-b100-9f68e5110bb7/resourceGroups/SCENO-BACKUPAZUREVM/providers/Microsoft.Compute/virtualMachines/BackupAzureVM,,,"{  ""ImageType"": null,  ""ServiceType"": null,  ""VMName"": null,  ""VMProperties"": null,  ""VCPUs"": 0,  ""UsageType"": ""DataTrOut""}",,,Bandwidth,Bandwidth - Outbound Data Transfer,EUR
f55edc34-b2f6-42f6-b100-9f68e5110bb7,TestRG,EU North,2019-04-03,Storage,Tiered Block Blob,c3867359-7044-4ef7-9049-01ef23565e7b,Hot LRS Data Stored,EU North,0.17532,0.0185526,0.003252641832,Microsoft.Storage,Microsoft.Storage/storageAccounts,/subscriptions/f55edc34-b2f6-42f6-b100-9f68e5110bb7/resourceGroups/TestRG/providers/Microsoft.Storage/storageAccounts/bfrankfiles,,,,,,Storage,Tiered Block Blobs v2,EUR
f55edc34-b2f6-42f6-b100-9f68e5110bb7,Sceno-BackupAzureVM,EU North,2019-04-01,Backup,,d17674bb-cb9c-45f0-8eb4-bd325b8c2606,GRS Data Stored,,1.354734,0.0404784,0.0548374647456,Microsoft.RecoveryServices,Microsoft.RecoveryServices/vaults,/subscriptions/f55edc34-b2f6-42f6-b100-9f68e5110bb7/resourceGroups/Sceno-BackupAzureVM/providers/Microsoft.RecoveryServices/vaults/BackupAzureVM-Vault,,,,,,Backup,Backup Storage,EUR
f55edc34-b2f6-42f6-b100-9f68e5110bb7,Sceno-BackupAzureVM,EU North,2019-04-03,Backup,,6551548b-7e61-4f51-896e-eb907d256b95,Azure VM and on-premises Server Protected Instances,,0.016128,8.433,0.136007424,Microsoft.RecoveryServices,Microsoft.RecoveryServices/vaults,/subscriptions/f55edc34-b2f6-42f6-b100-9f68e5110bb7/resourceGroups/Sceno-BackupAzureVM/providers/Microsoft.RecoveryServices/vaults/BackupAzureVM-Vault,,,,,,Backup,Backup for Azure VMs and on-premises servers,EUR
f55edc34-b2f6-42f6-b100-9f68e5110bb7,cloud-shell-storage-westeurope,EU West,2019-04-04,Storage,Files,ed8a651a-e0a3-4de6-a8ae-3b4ce8cb72cf,LRS Data Stored,,0.166656,0.050598,0.008432460288,Microsoft.Storage,Microsoft.Storage/storageAccounts,/subscriptions/f55edc34-b2f6-42f6-b100-9f68e5110bb7/resourceGroups/cloud-shell-storage-westeurope/providers/Microsoft.Storage/storageAccounts/csbf55edc34b2f6x42f6xb10,"""ms-resource-usage"": ""azure-cloud-shell""",,,,,Storage,Files,EUR
f55edc34-b2f6-42f6-b100-9f68e5110bb7,SCENO-BACKUPAZUREVM,EU North,2019-04-06,Storage,Standard SSD Managed Disks,fdaabab6-fd30-4d4d-9998-a97c0fbd2c41,E10 Disks,EU North,0.02778,8.09568,0.2248979904,Microsoft.Compute,Microsoft.Compute/disks,/subscriptions/f55edc34-b2f6-42f6-b100-9f68e5110bb7/resourceGroups/SCENO-BACKUPAZUREVM/providers/Microsoft.Compute/disks/BackupAzureVM-OSDisk,,,,,,Storage,Standard SSD Managed Disks,EUR
f55edc34-b2f6-42f6-b100-9f68e5110bb7,TestRG,EU North,2019-04-04,Storage,Tables,3f2b1e1c-c886-4ec6-ad6f-dd0ef38819c9,LRS Data Stored,,0.000072,0.059031,0.000004250232,Microsoft.Storage,Microsoft.Storage/storageAccounts,/subscriptions/f55edc34-b2f6-42f6-b100-9f68e5110bb7/resourceGroups/TestRG/providers/Microsoft.Storage/storageAccounts/bfrankfiles,,,,,,Storage,Tables,EUR
f55edc34-b2f6-42f6-b100-9f68e5110bb7,cloud-shell-storage-westeurope,EU West,2019-04-06,Storage,Tables,3f2b1e1c-c886-4ec6-ad6f-dd0ef38819c9,LRS Data Stored,,0.00006,0.059031,0.00000354186,Microsoft.Storage,Microsoft.Storage/storageAccounts,/subscriptions/f55edc34-b2f6-42f6-b100-9f68e5110bb7/resourceGroups/cloud-shell-storage-westeurope/providers/Microsoft.Storage/storageAccounts/csbf55edc34b2f6x42f6xb10,"""ms-resource-usage"": ""azure-cloud-shell""",,,,,Storage,Tables,EUR
f55edc34-b2f6-42f6-b100-9f68e5110bb7,EX2-RG,EU North,2019-04-05,Storage,Premium SSD Managed Disks,e1ceded7-0fb6-4be1-993a-f82702193d4d,P10 Disks,EU North,0.001389,16.621443,0.023087184327,Microsoft.Compute,Microsoft.Compute/disks,/subscriptions/f55edc34-b2f6-42f6-b100-9f68e5110bb7/resourceGroups/EX2-RG/providers/Microsoft.Compute/disks/myVMScaleSet_myVMScaleSet_2_OsDisk_1_3f256c23345f4614b4b2464847509628,,,,,,Storage,Premium SSD Managed Disks,EUR
f55edc34-b2f6-42f6-b100-9f68e5110bb7,TestRG,EU North,2019-04-06,Storage,Tiered Block Blob,c3867359-7044-4ef7-9049-01ef23565e7b,Hot LRS Data Stored,EU North,0.1461,0.0185526,0.00271053486,Microsoft.Storage,Microsoft.Storage/storageAccounts,/subscriptions/f55edc34-b2f6-42f6-b100-9f68e5110bb7/resourceGroups/TestRG/providers/Microsoft.Storage/storageAccounts/bfrankfiles,,,,,,Storage,Tiered Block Blobs v2,EUR
f55edc34-b2f6-42f6-b100-9f68e5110bb7,testrg,EU North,2019-04-04,Advanced Threat Protection,Storage,3783f977-f109-4a6b-9cf6-2f1432bb770c,Standard Trial Transactions,,0.0008,0,0,Microsoft.Storage,Microsoft.Storage/storageAccounts,/subscriptions/f55edc34-b2f6-42f6-b100-9f68e5110bb7/resourceGroups/testrg/providers/Microsoft.Storage/storageAccounts/bfrankfiles,,,,,,Advanced Threat Protection,Advanced Threat Protection - Storage,EUR
f55edc34-b2f6-42f6-b100-9f68e5110bb7,Sceno-BackupAzureVM,EU North,2019-04-05,Backup,,d17674bb-cb9c-45f0-8eb4-bd325b8c2606,GRS Data Stored,,2.721684,0.0404784,0.1101694136256,Microsoft.RecoveryServices,Microsoft.RecoveryServices/vaults,/subscriptions/f55edc34-b2f6-42f6-b100-9f68e5110bb7/resourceGroups/Sceno-BackupAzureVM/providers/Microsoft.RecoveryServices/vaults/BackupAzureVM-Vault,,,,,,Backup,Backup Storage,EUR
f55edc34-b2f6-42f6-b100-9f68e5110bb7,TestRG,EU North,2019-04-04,Storage,Tables,b9e5e77c-a0b3-4a2c-9b8b-57fa54f31c52,Batch Write Operations,,0.0145,0.000303588,0.000004402026,Microsoft.Storage,Microsoft.Storage/storageAccounts,/subscriptions/f55edc34-b2f6-42f6-b100-9f68e5110bb7/resourceGroups/TestRG/providers/Microsoft.Storage/storageAccounts/bfrankfiles,,,,,,Storage,Tables,EUR
f55edc34-b2f6-42f6-b100-9f68e5110bb7,cloud-shell-storage-westeurope,EU West,2019-04-05,Storage,Tables,3f2b1e1c-c886-4ec6-ad6f-dd0ef38819c9,LRS Data Stored,,0.000072,0.059031,0.000004250232,Microsoft.Storage,Microsoft.Storage/storageAccounts,/subscriptions/f55edc34-b2f6-42f6-b100-9f68e5110bb7/resourceGroups/cloud-shell-storage-westeurope/providers/Microsoft.Storage/storageAccounts/csbf55edc34b2f6x42f6xb10,"""ms-resource-usage"": ""azure-cloud-shell""",,,,,Storage,Tables,EUR
f55edc34-b2f6-42f6-b100-9f68e5110bb7,TestRG,EU North,2019-04-04,Storage,Tiered Block Blob,24c57c5f-5b22-4a2e-8e31-fc67207abecc,All Other Operations,EU North,0.0006,0.0033732,0.00000202392,Microsoft.Storage,Microsoft.Storage/storageAccounts,/subscriptions/f55edc34-b2f6-42f6-b100-9f68e5110bb7/resourceGroups/TestRG/providers/Microsoft.Storage/storageAccounts/bfrankfiles,,,,,,Storage,Tiered Block Blobs v2,EUR
f55edc34-b2f6-42f6-b100-9f68e5110bb7,SCENO-BACKUPAZUREVM,EU North,2019-04-05,Bandwidth,,9995d93a-7d35-4d3f-9c69-7a7fea447ef4,Data Transfer Out,Zone 1,0.007981,0.0733671,0.0005855428251,Microsoft.Compute,Microsoft.Compute/virtualMachines,/subscriptions/f55edc34-b2f6-42f6-b100-9f68e5110bb7/resourceGroups/SCENO-BACKUPAZUREVM/providers/Microsoft.Compute/virtualMachines/BackupAzureVM,,,"{  ""ImageType"": null,  ""ServiceType"": null,  ""VMName"": null,  ""VMProperties"": null,  ""VCPUs"": 0,  ""UsageType"": ""DataTrOut""}",,,Bandwidth,Bandwidth - Outbound Data Transfer,EUR
f55edc34-b2f6-42f6-b100-9f68e5110bb7,SCENO-BACKUPAZUREVM,EU North,2019-04-05,Storage,Standard SSD Managed Disks,eb1e1a6a-58d5-491e-8fcf-83cb555a3dee,LRS Snapshots,EU North,0.8898,0.1113156,0.09904862088,Microsoft.Compute,Microsoft.Compute/disks,/subscriptions/f55edc34-b2f6-42f6-b100-9f68e5110bb7/resourceGroups/SCENO-BACKUPAZUREVM/providers/Microsoft.Compute/disks/BackupAzureVM-DataDisk,,,,,,Storage,Standard SSD Managed Disks,EUR
f55edc34-b2f6-42f6-b100-9f68e5110bb7,SCENO-BACKUPAZUREVM,EU North,2019-04-06,Storage,Standard SSD Managed Disks,eb1e1a6a-58d5-491e-8fcf-83cb555a3dee,LRS Snapshots,EU North,0.75144,0.1113156,0.083646994464,Microsoft.Compute,Microsoft.Compute/disks,/subscriptions/f55edc34-b2f6-42f6-b100-9f68e5110bb7/resourceGroups/SCENO-BACKUPAZUREVM/providers/Microsoft.Compute/disks/BackupAzureVM-DataDisk,,,,,,Storage,Standard SSD Managed Disks,EUR
f55edc34-b2f6-42f6-b100-9f68e5110bb7,cloud-shell-storage-westeurope,EU West,2019-04-04,Storage,Tables,3f2b1e1c-c886-4ec6-ad6f-dd0ef38819c9,LRS Data Stored,,0.000072,0.059031,0.000004250232,Microsoft.Storage,Microsoft.Storage/storageAccounts,/subscriptions/f55edc34-b2f6-42f6-b100-9f68e5110bb7/resourceGroups/cloud-shell-storage-westeurope/providers/Microsoft.Storage/storageAccounts/csbf55edc34b2f6x42f6xb10,"""ms-resource-usage"": ""azure-cloud-shell""",,,,,Storage,Tables,EUR
f55edc34-b2f6-42f6-b100-9f68e5110bb7,TestRG,EU North,2019-04-06,Storage,Tables,3f2b1e1c-c886-4ec6-ad6f-dd0ef38819c9,LRS Data Stored,,0.000079,0.059031,0.000004663449,Microsoft.Storage,Microsoft.Storage/storageAccounts,/subscriptions/f55edc34-b2f6-42f6-b100-9f68e5110bb7/resourceGroups/TestRG/providers/Microsoft.Storage/storageAccounts/bfrankfiles,,,,,,Storage,Tables,EUR
f55edc34-b2f6-42f6-b100-9f68e5110bb7,ACDMY-Costs,EU West,2019-04-05,Storage,Tables,12da282f-7e96-49e2-983a-9a65da2a4866,Read Operations,,0.0002,0.000303588,0.00000006071760000000000000000,Microsoft.Storage,Microsoft.Storage/storageAccounts,/subscriptions/f55edc34-b2f6-42f6-b100-9f68e5110bb7/resourceGroups/ACDMY-Costs/providers/Microsoft.Storage/storageAccounts/sa4costs0149,,,,,,Storage,Tables,EUR
f55edc34-b2f6-42f6-b100-9f68e5110bb7,ACDMY-Costs,EU West,2019-04-06,Bandwidth,,9995d93a-7d35-4d3f-9c69-7a7fea447ef4,Data Transfer Out,Zone 1,0.000001,0.0733671,0.00000007336710000000000000000,Microsoft.Storage,Microsoft.Storage/storageAccounts,/subscriptions/f55edc34-b2f6-42f6-b100-9f68e5110bb7/resourceGroups/ACDMY-Costs/providers/Microsoft.Storage/storageAccounts/sa4costs0149,,,,,,Bandwidth,Bandwidth - Outbound Data Transfer,EUR
f55edc34-b2f6-42f6-b100-9f68e5110bb7,SCENO-BACKUPAZUREVM,EU North,2019-04-04,Storage,Standard SSD Managed Disks,ce957933-8287-4f8b-83ee-53a5cbe056d9,Disk Operations,,4.1212,0.0016866,0.00695081592,Microsoft.Compute,Microsoft.Compute/disks,/subscriptions/f55edc34-b2f6-42f6-b100-9f68e5110bb7/resourceGroups/SCENO-BACKUPAZUREVM/providers/Microsoft.Compute/disks/BackupAzureVM-DataDisk,,,,,,Storage,Standard SSD Managed Disks,EUR
f55edc34-b2f6-42f6-b100-9f68e5110bb7,defaultresourcegroup-weu,EU West,2019-04-05,Insight and Analytics,,6a11eb4c-01de-4438-88e0-e95b41869197,Data Included per Node,,0.000234433362914,0,0,microsoft.operationalinsights,microsoft.operationalinsights/workspaces,/subscriptions/f55edc34-b2f6-42f6-b100-9f68e5110bb7/resourcegroups/defaultresourcegroup-weu/providers/microsoft.operationalinsights/workspaces/defaultworkspace-f55edc34-b2f6-42f6-b100-9f68e5110bb7-weu,,,,,,Insight and Analytics,OMS - Insight and Security Data,EUR
f55edc34-b2f6-42f6-b100-9f68e5110bb7,ACDMY-Costs,EU West,2019-04-06,Storage,Tables,b9e5e77c-a0b3-4a2c-9b8b-57fa54f31c52,Batch Write Operations,,0.0128,0.000303588,0.0000038859264,Microsoft.Storage,Microsoft.Storage/storageAccounts,/subscriptions/f55edc34-b2f6-42f6-b100-9f68e5110bb7/resourceGroups/ACDMY-Costs/providers/Microsoft.Storage/storageAccounts/sa4costs0149,,,,,,Storage,Tables,EUR
f55edc34-b2f6-42f6-b100-9f68e5110bb7,cloud-shell-storage-westeurope,EU West,2019-04-01,Storage,Tables,3f2b1e1c-c886-4ec6-ad6f-dd0ef38819c9,LRS Data Stored,,0.000072,0.059031,0.000004250232,Microsoft.Storage,Microsoft.Storage/storageAccounts,/subscriptions/f55edc34-b2f6-42f6-b100-9f68e5110bb7/resourceGroups/cloud-shell-storage-westeurope/providers/Microsoft.Storage/storageAccounts/csbf55edc34b2f6x42f6xb10,"""ms-resource-usage"": ""azure-cloud-shell""",,,,,Storage,Tables,EUR
f55edc34-b2f6-42f6-b100-9f68e5110bb7,defaultresourcegroup-weu,EU West,2019-04-02,Security Center,,4f8f8a7e-8635-46df-b708-177c3c2a8591,Standard Trial Node,,24,0,0,microsoft.operationalinsights,microsoft.operationalinsights/workspaces,/subscriptions/f55edc34-b2f6-42f6-b100-9f68e5110bb7/resourcegroups/defaultresourcegroup-weu/providers/microsoft.operationalinsights/workspaces/defaultworkspace-f55edc34-b2f6-42f6-b100-9f68e5110bb7-weu,,,,,,Security Center,Security Center,EUR
f55edc34-b2f6-42f6-b100-9f68e5110bb7,cloud-shell-storage-westeurope,EU West,2019-04-03,Storage,Files,ed8a651a-e0a3-4de6-a8ae-3b4ce8cb72cf,LRS Data Stored,,0.166656,0.050598,0.008432460288,Microsoft.Storage,Microsoft.Storage/storageAccounts,/subscriptions/f55edc34-b2f6-42f6-b100-9f68e5110bb7/resourceGroups/cloud-shell-storage-westeurope/providers/Microsoft.Storage/storageAccounts/csbf55edc34b2f6x42f6xb10,"""ms-resource-usage"": ""azure-cloud-shell""",,,,,Storage,Files,EUR
